step,P_esc,tau_t
16,0.000000,-1.0
32,0.000000,-1.0
48,0.000000,-1.0
64,0.001000,63968.0
80,0.006500,12267.6
96,0.016500,5770.0
112,0.025500,4335.9
128,0.036500,3442.5
144,0.048000,2927.4
160,0.063500,2438.8
176,0.079000,2138.6
192,0.099000,1841.7
208,0.117500,1664.0
224,0.135500,1538.4
240,0.154500,1430.0
256,0.170000,1373.9
272,0.185000,1329.6
288,0.202000,1276.3
304,0.217000,1242.7
320,0.241000,1160.5
336,0.254000,1146.6
352,0.275500,1092.2
368,0.294500,1054.9
384,0.316000,1011.1
400,0.333000,987.7
416,0.347000,976.1
432,0.359000,971.4
448,0.375000,953.2
464,0.391000,935.6
480,0.400500,938.1
496,0.412000,934.0
512,0.422500,932.5
528,0.435500,923.4
544,0.451000,907.2
560,0.461500,904.7
576,0.469500,908.6
592,0.481000,902.6
608,0.491000,900.3
624,0.500500,898.9
640,0.509000,899.7
656,0.520500,892.5
672,0.530500,888.8
688,0.540500,884.8
704,0.547500,887.8
720,0.557500,883.1
736,0.566000,881.7
752,0.575000,878.8
768,0.586500,869.7
784,0.595500,866.2
800,0.603000,866.0
816,0.610000,866.6
832,0.617500,865.7
848,0.626500,861.1
864,0.632500,863.1
880,0.639500,862.5
896,0.650000,853.5
912,0.661000,843.1
928,0.671500,833.6
944,0.679500,829.6
960,0.683000,835.6
976,0.686500,841.4
992,0.695500,834.3
1008,0.699500,838.4
1024,0.705500,837.6
1040,0.712500,834.3
1056,0.723000,822.6
1072,0.729000,821.1
1088,0.734500,820.4
1104,0.739000,821.9
1120,0.742500,825.5
1136,0.745000,831.3
1152,0.751000,828.6
1168,0.756000,828.0
1184,0.761000,827.2
1200,0.768000,821.3
1216,0.774500,816.4
1232,0.776500,822.2
1248,0.781500,820.5
1264,0.786000,819.8
1280,0.789500,821.4
1296,0.791500,826.6
1312,0.798000,820.3
1328,0.801000,822.6
1344,0.805000,822.1
1360,0.808000,824.1
1376,0.812500,822.0
1392,0.817500,818.3
1408,0.820500,819.8
1424,0.822000,825.0
1440,0.826000,823.5
1456,0.827000,829.9
1472,0.831000,828.0
1488,0.835000,825.8
1504,0.838500,824.9
1520,0.844500,816.7
1536,0.846000,821.0
1552,0.847000,826.7
1568,0.850000,826.5
1584,0.850500,833.5
1600,0.853500,833.0
1616,0.855500,835.4
1632,0.857000,839.1
1648,0.860500,836.7
1664,0.863000,837.1
1680,0.866500,834.3
1696,0.869500,832.8
1712,0.873000,829.6
1728,0.878500,819.8
1744,0.880000,822.5
1760,0.881500,825.2
1776,0.883500,826.1
1792,0.886000,825.2
1808,0.890000,819.1
1824,0.893000,816.1
1840,0.895500,814.7
1856,0.898000,813.0
1872,0.900000,813.0
1888,0.902500,811.0
1904,0.905000,808.9
1920,0.908000,804.7
1936,0.910500,802.1
1952,0.913000,799.4
1968,0.914500,800.2
1984,0.915500,802.9
2000,0.916500,805.5
2016,0.918000,806.1
2032,0.921000,800.5
2048,0.922000,802.8
2064,0.922500,807.0
2080,0.924500,805.1
2096,0.927000,800.8
2112,0.928000,802.7
2128,0.929500,802.4
2144,0.932000,797.5
2160,0.933000,799.1
2176,0.934500,798.3
2192,0.937000,792.9
2208,0.938000,794.1
2224,0.939500,792.8
2240,0.940500,793.8
2256,0.942000,792.3
2272,0.943500,790.7
2288,0.944500,791.3
2304,0.946500,786.9
2320,0.948000,784.7
2336,0.948500,787.5
2352,0.949500,787.7
2368,0.951500,782.5
2384,0.952000,785.1
2400,0.954000,779.4
2416,0.954500,781.9
2432,0.956500,775.8
2448,0.958500,769.3
2464,0.959000,771.4
2480,0.959500,773.4
2496,0.959500,778.4
2512,0.959500,783.4
2528,0.959500,788.4
2544,0.960500,787.3
2560,0.962000,782.8
2576,0.962000,787.7
2592,0.963000,786.2
2608,0.965000,777.9
2624,0.965500,779.4
2640,0.967000,773.9
2656,0.968500,768.1
2672,0.968500,772.8
2688,0.969000,773.8
2704,0.969000,778.4
2720,0.970000,775.7
2736,0.971000,772.8
2752,0.972500,765.8
2768,0.972500,770.3
2784,0.973000,770.8
2800,0.973000,775.2
2816,0.973000,779.6
2832,0.974500,771.9
2848,0.974500,776.2
2864,0.975000,776.4
2880,0.976000,772.2
2896,0.976500,772.1
2912,0.977500,767.5
2928,0.978500,762.6
2944,0.979000,762.1
2960,0.979500,761.4
2976,0.980500,755.8
2992,0.980500,759.9
3008,0.980500,764.0
3024,0.981000,763.0
3040,0.981000,767.0
3056,0.981500,765.9
3072,0.981500,769.9
3088,0.981500,773.9
3104,0.982000,772.6
3120,0.983000,765.7
3136,0.984000,758.4
3152,0.984500,756.4
3168,0.985000,754.3
3184,0.985000,758.1
3200,0.986000,749.6
3216,0.986000,753.4
3232,0.986000,757.1
3248,0.986000,760.9
3264,0.986000,764.6
3280,0.986000,768.4
3296,0.986000,772.1
3312,0.987000,762.6
3328,0.987000,766.3
3344,0.987500,763.1
3360,0.987500,766.8
3376,0.987500,770.4
3392,0.987500,774.1
3408,0.987500,777.7
3424,0.987500,781.4
3440,0.988500,770.4
3456,0.988500,773.9
3472,0.988500,777.5
3488,0.988500,781.1
3504,0.989000,777.0
3520,0.989000,780.5
3536,0.989000,784.1
3552,0.989000,787.6
3568,0.989000,791.2
3584,0.989500,786.6
3600,0.989500,790.1
3616,0.989500,793.6
3632,0.990000,788.7
3648,0.990000,792.2
3664,0.990000,795.6
3680,0.990500,790.3
3696,0.990500,793.7
3712,0.990500,797.2
3728,0.991500,781.9
3744,0.991500,785.3
3760,0.991500,788.6
3776,0.991500,792.0
3792,0.991500,795.4
3808,0.991500,798.7
3824,0.991500,802.1
3840,0.992000,795.3
3856,0.992500,788.1
3872,0.992500,791.4
3888,0.992500,794.6
3904,0.992500,797.9
3920,0.992500,801.2
3936,0.993000,793.3
3952,0.993000,796.5
3968,0.993000,799.7
3984,0.993000,802.9
4000,0.993500,794.3
4016,0.993500,797.5
4032,0.993500,800.6
4048,0.993500,803.8
4064,0.993500,807.0
4080,0.994500,784.2
4096,0.995000,773.1
4112,0.995000,776.1
4128,0.995000,779.1
4144,0.995000,782.1
4160,0.995000,785.2
4176,0.995000,788.2
4192,0.995000,791.2
4208,0.995000,794.2
4224,0.995000,797.2
4240,0.995000,800.3
4256,0.995500,787.6
4272,0.995500,790.6
4288,0.995500,793.5
4304,0.996000,779.5
4320,0.996000,782.4
4336,0.996500,766.8
4352,0.996500,769.6
4368,0.996500,772.4
4384,0.996500,775.2
4400,0.996500,778.1
4416,0.997000,760.2
4432,0.997000,762.9
4448,0.997000,765.7
4464,0.997000,768.4
4480,0.997000,771.2
4496,0.997000,774.0
4512,0.997000,776.7
4528,0.997000,779.5
4544,0.997000,782.2
4560,0.997000,785.0
4576,0.997500,763.8
4592,0.997500,766.4
4608,0.997500,769.1
4624,0.997500,771.8
4640,0.997500,774.4
4656,0.997500,777.1
4672,0.997500,779.8
4688,0.997500,782.4
4704,0.997500,785.1
4720,0.998000,759.5
4736,0.998000,762.1
4752,0.998000,764.6
4768,0.998000,767.2
4784,0.998000,769.8
4800,0.998000,772.4
4816,0.998000,774.9
4832,0.998000,777.5
4848,0.998000,780.1
4864,0.998000,782.7
4880,0.998000,785.2
4896,0.998500,753.0
4912,0.998500,755.4
4928,0.998500,757.9
4944,0.998500,760.3
4960,0.998500,762.8
4976,0.998500,765.3
4992,0.999000,722.7
5008,0.999000,725.0
5024,0.999000,727.3
5040,0.999000,729.6
5056,0.999000,731.9
5072,0.999000,734.2
5088,0.999000,736.6
5104,0.999000,738.9
5120,0.999500,673.6
5136,0.999500,675.7
5152,0.999500,677.8
5168,0.999500,679.9
5184,0.999500,682.0
5200,0.999500,684.1
5216,0.999500,686.2
5232,0.999500,688.3
5248,0.999500,690.4
5264,0.999500,692.5
5280,0.999500,694.7
5296,0.999500,696.8
5312,0.999500,698.9
5328,0.999500,701.0
5344,0.999500,703.1
5360,0.999500,705.2
5376,0.999500,707.3
5392,0.999500,709.4
5408,0.999500,711.5
5424,0.999500,713.6
5440,0.999500,715.7
5456,0.999500,717.8
5472,0.999500,719.9
5488,0.999500,722.0
5504,0.999500,724.1
5520,0.999500,726.2
5536,0.999500,728.3
5552,0.999500,730.4
5568,0.999500,732.5
5584,0.999500,734.6
5600,0.999500,736.8
5616,0.999500,738.9
5632,0.999500,741.0
5648,0.999500,743.1
5664,0.999500,745.2
5680,0.999500,747.3
5696,0.999500,749.4
5712,0.999500,751.5
5728,0.999500,753.6
5744,0.999500,755.7
5760,0.999500,757.8
5776,0.999500,759.9
5792,0.999500,762.0
5808,0.999500,764.1
5824,0.999500,766.2
5840,0.999500,768.3
5856,0.999500,770.4
5872,0.999500,772.5
5888,0.999500,774.6
5904,0.999500,776.7
5920,0.999500,778.9
5936,0.999500,781.0
5952,0.999500,783.1
5968,0.999500,785.2
5984,0.999500,787.3
6000,0.999500,789.4
6016,0.999500,791.5
6032,0.999500,793.6
6048,0.999500,795.7
6064,0.999500,797.8
6080,0.999500,799.9
6096,0.999500,802.0
6112,0.999500,804.1
6128,0.999500,806.2
6144,0.999500,808.3
6160,0.999500,810.4
6176,0.999500,812.5
6192,0.999500,814.6
6208,0.999500,816.7
6224,0.999500,818.9
6240,1.000000,-1.0
6256,1.000000,-1.0
6272,1.000000,-1.0
6288,1.000000,-1.0
6304,1.000000,-1.0
6320,1.000000,-1.0
6336,1.000000,-1.0
6352,1.000000,-1.0
6368,1.000000,-1.0
6384,1.000000,-1.0
6400,1.000000,-1.0
6416,1.000000,-1.0
6432,1.000000,-1.0
6448,1.000000,-1.0
6464,1.000000,-1.0
6480,1.000000,-1.0
6496,1.000000,-1.0
6512,1.000000,-1.0
6528,1.000000,-1.0
6544,1.000000,-1.0
6560,1.000000,-1.0
6576,1.000000,-1.0
6592,1.000000,-1.0
6608,1.000000,-1.0
6624,1.000000,-1.0
6640,1.000000,-1.0
6656,1.000000,-1.0
6672,1.000000,-1.0
6688,1.000000,-1.0
6704,1.000000,-1.0
6720,1.000000,-1.0
6736,1.000000,-1.0
6752,1.000000,-1.0
6768,1.000000,-1.0
6784,1.000000,-1.0
6800,1.000000,-1.0
6816,1.000000,-1.0
6832,1.000000,-1.0
6848,1.000000,-1.0
6864,1.000000,-1.0
6880,1.000000,-1.0
6896,1.000000,-1.0
6912,1.000000,-1.0
6928,1.000000,-1.0
6944,1.000000,-1.0
6960,1.000000,-1.0
6976,1.000000,-1.0
6992,1.000000,-1.0
7008,1.000000,-1.0
7024,1.000000,-1.0
7040,1.000000,-1.0
7056,1.000000,-1.0
7072,1.000000,-1.0
7088,1.000000,-1.0
7104,1.000000,-1.0
7120,1.000000,-1.0
7136,1.000000,-1.0
7152,1.000000,-1.0
7168,1.000000,-1.0
7184,1.000000,-1.0
7200,1.000000,-1.0
7216,1.000000,-1.0
7232,1.000000,-1.0
7248,1.000000,-1.0
7264,1.000000,-1.0
7280,1.000000,-1.0
7296,1.000000,-1.0
7312,1.000000,-1.0
7328,1.000000,-1.0
7344,1.000000,-1.0
7360,1.000000,-1.0
7376,1.000000,-1.0
7392,1.000000,-1.0
7408,1.000000,-1.0
7424,1.000000,-1.0
7440,1.000000,-1.0
7456,1.000000,-1.0
7472,1.000000,-1.0
7488,1.000000,-1.0
7504,1.000000,-1.0
7520,1.000000,-1.0
7536,1.000000,-1.0
7552,1.000000,-1.0
7568,1.000000,-1.0
7584,1.000000,-1.0
7600,1.000000,-1.0
7616,1.000000,-1.0
7632,1.000000,-1.0
7648,1.000000,-1.0
7664,1.000000,-1.0
7680,1.000000,-1.0
7696,1.000000,-1.0
7712,1.000000,-1.0
7728,1.000000,-1.0
7744,1.000000,-1.0
7760,1.000000,-1.0
7776,1.000000,-1.0
7792,1.000000,-1.0
7808,1.000000,-1.0
7824,1.000000,-1.0
7840,1.000000,-1.0
7856,1.000000,-1.0
7872,1.000000,-1.0
7888,1.000000,-1.0
7904,1.000000,-1.0
7920,1.000000,-1.0
7936,1.000000,-1.0
7952,1.000000,-1.0
7968,1.000000,-1.0
7984,1.000000,-1.0
8000,1.000000,-1.0
8016,1.000000,-1.0
8032,1.000000,-1.0
8048,1.000000,-1.0
8064,1.000000,-1.0
8080,1.000000,-1.0
8096,1.000000,-1.0
8112,1.000000,-1.0
8128,1.000000,-1.0
8144,1.000000,-1.0
8160,1.000000,-1.0
8176,1.000000,-1.0
8192,1.000000,-1.0
8208,1.000000,-1.0
8224,1.000000,-1.0
8240,1.000000,-1.0
8256,1.000000,-1.0
8272,1.000000,-1.0
8288,1.000000,-1.0
8304,1.000000,-1.0
8320,1.000000,-1.0
8336,1.000000,-1.0
8352,1.000000,-1.0
8368,1.000000,-1.0
8384,1.000000,-1.0
8400,1.000000,-1.0
8416,1.000000,-1.0
8432,1.000000,-1.0
8448,1.000000,-1.0
8464,1.000000,-1.0
8480,1.000000,-1.0
8496,1.000000,-1.0
8512,1.000000,-1.0
8528,1.000000,-1.0
8544,1.000000,-1.0
8560,1.000000,-1.0
8576,1.000000,-1.0
8592,1.000000,-1.0
8608,1.000000,-1.0
8624,1.000000,-1.0
8640,1.000000,-1.0
8656,1.000000,-1.0
8672,1.000000,-1.0
8688,1.000000,-1.0
8704,1.000000,-1.0
8720,1.000000,-1.0
8736,1.000000,-1.0
8752,1.000000,-1.0
8768,1.000000,-1.0
8784,1.000000,-1.0
8800,1.000000,-1.0
8816,1.000000,-1.0
8832,1.000000,-1.0
8848,1.000000,-1.0
8864,1.000000,-1.0
8880,1.000000,-1.0
8896,1.000000,-1.0
8912,1.000000,-1.0
8928,1.000000,-1.0
8944,1.000000,-1.0
8960,1.000000,-1.0
8976,1.000000,-1.0
8992,1.000000,-1.0
9008,1.000000,-1.0
9024,1.000000,-1.0
9040,1.000000,-1.0
9056,1.000000,-1.0
9072,1.000000,-1.0
9088,1.000000,-1.0
9104,1.000000,-1.0
9120,1.000000,-1.0
9136,1.000000,-1.0
9152,1.000000,-1.0
9168,1.000000,-1.0
9184,1.000000,-1.0
9200,1.000000,-1.0
9216,1.000000,-1.0
9232,1.000000,-1.0
9248,1.000000,-1.0
9264,1.000000,-1.0
9280,1.000000,-1.0
9296,1.000000,-1.0
9312,1.000000,-1.0
9328,1.000000,-1.0
9344,1.000000,-1.0
9360,1.000000,-1.0
9376,1.000000,-1.0
9392,1.000000,-1.0
9408,1.000000,-1.0
9424,1.000000,-1.0
9440,1.000000,-1.0
9456,1.000000,-1.0
9472,1.000000,-1.0
9488,1.000000,-1.0
9504,1.000000,-1.0
9520,1.000000,-1.0
9536,1.000000,-1.0
9552,1.000000,-1.0
9568,1.000000,-1.0
9584,1.000000,-1.0
9600,1.000000,-1.0
9616,1.000000,-1.0
9632,1.000000,-1.0
9648,1.000000,-1.0
9664,1.000000,-1.0
9680,1.000000,-1.0
9696,1.000000,-1.0
9712,1.000000,-1.0
9728,1.000000,-1.0
9744,1.000000,-1.0
9760,1.000000,-1.0
9776,1.000000,-1.0
9792,1.000000,-1.0
9808,1.000000,-1.0
9824,1.000000,-1.0
9840,1.000000,-1.0
9856,1.000000,-1.0
9872,1.000000,-1.0
9888,1.000000,-1.0
9904,1.000000,-1.0
9920,1.000000,-1.0
9936,1.000000,-1.0
9952,1.000000,-1.0
9968,1.000000,-1.0
9984,1.000000,-1.0
10000,1.000000,-1.0
10016,1.000000,-1.0
10032,1.000000,-1.0
10048,1.000000,-1.0
10064,1.000000,-1.0
10080,1.000000,-1.0
10096,1.000000,-1.0
10112,1.000000,-1.0
10128,1.000000,-1.0
10144,1.000000,-1.0
10160,1.000000,-1.0
10176,1.000000,-1.0
10192,1.000000,-1.0
10208,1.000000,-1.0
10224,1.000000,-1.0
10240,1.000000,-1.0
10256,1.000000,-1.0
10272,1.000000,-1.0
10288,1.000000,-1.0
10304,1.000000,-1.0
10320,1.000000,-1.0
10336,1.000000,-1.0
10352,1.000000,-1.0
10368,1.000000,-1.0
10384,1.000000,-1.0
10400,1.000000,-1.0
10416,1.000000,-1.0
10432,1.000000,-1.0
10448,1.000000,-1.0
10464,1.000000,-1.0
10480,1.000000,-1.0
10496,1.000000,-1.0
10512,1.000000,-1.0
10528,1.000000,-1.0
10544,1.000000,-1.0
10560,1.000000,-1.0
10576,1.000000,-1.0
10592,1.000000,-1.0
10608,1.000000,-1.0
10624,1.000000,-1.0
10640,1.000000,-1.0
10656,1.000000,-1.0
10672,1.000000,-1.0
10688,1.000000,-1.0
10704,1.000000,-1.0
10720,1.000000,-1.0
10736,1.000000,-1.0
10752,1.000000,-1.0
10768,1.000000,-1.0
10784,1.000000,-1.0
10800,1.000000,-1.0
10816,1.000000,-1.0
10832,1.000000,-1.0
10848,1.000000,-1.0
10864,1.000000,-1.0
10880,1.000000,-1.0
10896,1.000000,-1.0
10912,1.000000,-1.0
10928,1.000000,-1.0
10944,1.000000,-1.0
10960,1.000000,-1.0
10976,1.000000,-1.0
10992,1.000000,-1.0
11008,1.000000,-1.0
11024,1.000000,-1.0
11040,1.000000,-1.0
11056,1.000000,-1.0
11072,1.000000,-1.0
11088,1.000000,-1.0
11104,1.000000,-1.0
11120,1.000000,-1.0
11136,1.000000,-1.0
11152,1.000000,-1.0
11168,1.000000,-1.0
11184,1.000000,-1.0
11200,1.000000,-1.0
11216,1.000000,-1.0
11232,1.000000,-1.0
11248,1.000000,-1.0
11264,1.000000,-1.0
11280,1.000000,-1.0
11296,1.000000,-1.0
11312,1.000000,-1.0
11328,1.000000,-1.0
11344,1.000000,-1.0
11360,1.000000,-1.0
11376,1.000000,-1.0
11392,1.000000,-1.0
11408,1.000000,-1.0
11424,1.000000,-1.0
11440,1.000000,-1.0
11456,1.000000,-1.0
11472,1.000000,-1.0
11488,1.000000,-1.0
11504,1.000000,-1.0
11520,1.000000,-1.0
11536,1.000000,-1.0
11552,1.000000,-1.0
11568,1.000000,-1.0
11584,1.000000,-1.0
11600,1.000000,-1.0
11616,1.000000,-1.0
11632,1.000000,-1.0
11648,1.000000,-1.0
11664,1.000000,-1.0
11680,1.000000,-1.0
11696,1.000000,-1.0
11712,1.000000,-1.0
11728,1.000000,-1.0
11744,1.000000,-1.0
11760,1.000000,-1.0
11776,1.000000,-1.0
11792,1.000000,-1.0
11808,1.000000,-1.0
11824,1.000000,-1.0
11840,1.000000,-1.0
11856,1.000000,-1.0
11872,1.000000,-1.0
11888,1.000000,-1.0
11904,1.000000,-1.0
11920,1.000000,-1.0
11936,1.000000,-1.0
11952,1.000000,-1.0
11968,1.000000,-1.0
11984,1.000000,-1.0
12000,1.000000,-1.0
12016,1.000000,-1.0
12032,1.000000,-1.0
12048,1.000000,-1.0
12064,1.000000,-1.0
12080,1.000000,-1.0
12096,1.000000,-1.0
12112,1.000000,-1.0
12128,1.000000,-1.0
12144,1.000000,-1.0
12160,1.000000,-1.0
12176,1.000000,-1.0
12192,1.000000,-1.0
12208,1.000000,-1.0
12224,1.000000,-1.0
12240,1.000000,-1.0
12256,1.000000,-1.0
12272,1.000000,-1.0
12288,1.000000,-1.0
12304,1.000000,-1.0
12320,1.000000,-1.0
12336,1.000000,-1.0
12352,1.000000,-1.0
12368,1.000000,-1.0
12384,1.000000,-1.0
12400,1.000000,-1.0
12416,1.000000,-1.0
12432,1.000000,-1.0
12448,1.000000,-1.0
12464,1.000000,-1.0
12480,1.000000,-1.0
12496,1.000000,-1.0
12512,1.000000,-1.0
12528,1.000000,-1.0
12544,1.000000,-1.0
12560,1.000000,-1.0
12576,1.000000,-1.0
12592,1.000000,-1.0
12608,1.000000,-1.0
12624,1.000000,-1.0
12640,1.000000,-1.0
12656,1.000000,-1.0
12672,1.000000,-1.0
12688,1.000000,-1.0
12704,1.000000,-1.0
12720,1.000000,-1.0
12736,1.000000,-1.0
12752,1.000000,-1.0
12768,1.000000,-1.0
12784,1.000000,-1.0
12800,1.000000,-1.0
12816,1.000000,-1.0
12832,1.000000,-1.0
12848,1.000000,-1.0
12864,1.000000,-1.0
12880,1.000000,-1.0
12896,1.000000,-1.0
12912,1.000000,-1.0
12928,1.000000,-1.0
12944,1.000000,-1.0
12960,1.000000,-1.0
12976,1.000000,-1.0
12992,1.000000,-1.0
13008,1.000000,-1.0
13024,1.000000,-1.0
13040,1.000000,-1.0
13056,1.000000,-1.0
13072,1.000000,-1.0
13088,1.000000,-1.0
13104,1.000000,-1.0
13120,1.000000,-1.0
13136,1.000000,-1.0
13152,1.000000,-1.0
13168,1.000000,-1.0
13184,1.000000,-1.0
13200,1.000000,-1.0
13216,1.000000,-1.0
13232,1.000000,-1.0
13248,1.000000,-1.0
13264,1.000000,-1.0
13280,1.000000,-1.0
13296,1.000000,-1.0
13312,1.000000,-1.0
13328,1.000000,-1.0
13344,1.000000,-1.0
13360,1.000000,-1.0
13376,1.000000,-1.0
13392,1.000000,-1.0
13408,1.000000,-1.0
13424,1.000000,-1.0
13440,1.000000,-1.0
13456,1.000000,-1.0
13472,1.000000,-1.0
13488,1.000000,-1.0
13504,1.000000,-1.0
13520,1.000000,-1.0
13536,1.000000,-1.0
13552,1.000000,-1.0
13568,1.000000,-1.0
13584,1.000000,-1.0
13600,1.000000,-1.0
13616,1.000000,-1.0
13632,1.000000,-1.0
13648,1.000000,-1.0
13664,1.000000,-1.0
13680,1.000000,-1.0
13696,1.000000,-1.0
13712,1.000000,-1.0
13728,1.000000,-1.0
13744,1.000000,-1.0
13760,1.000000,-1.0
13776,1.000000,-1.0
13792,1.000000,-1.0
13808,1.000000,-1.0
13824,1.000000,-1.0
13840,1.000000,-1.0
13856,1.000000,-1.0
13872,1.000000,-1.0
13888,1.000000,-1.0
13904,1.000000,-1.0
13920,1.000000,-1.0
13936,1.000000,-1.0
13952,1.000000,-1.0
13968,1.000000,-1.0
13984,1.000000,-1.0
14000,1.000000,-1.0
14016,1.000000,-1.0
14032,1.000000,-1.0
14048,1.000000,-1.0
14064,1.000000,-1.0
14080,1.000000,-1.0
14096,1.000000,-1.0
14112,1.000000,-1.0
14128,1.000000,-1.0
14144,1.000000,-1.0
14160,1.000000,-1.0
14176,1.000000,-1.0
14192,1.000000,-1.0
14208,1.000000,-1.0
14224,1.000000,-1.0
14240,1.000000,-1.0
14256,1.000000,-1.0
14272,1.000000,-1.0
14288,1.000000,-1.0
14304,1.000000,-1.0
14320,1.000000,-1.0
14336,1.000000,-1.0
14352,1.000000,-1.0
14368,1.000000,-1.0
14384,1.000000,-1.0
14400,1.000000,-1.0
14416,1.000000,-1.0
14432,1.000000,-1.0
14448,1.000000,-1.0
14464,1.000000,-1.0
14480,1.000000,-1.0
14496,1.000000,-1.0
14512,1.000000,-1.0
14528,1.000000,-1.0
14544,1.000000,-1.0
14560,1.000000,-1.0
14576,1.000000,-1.0
14592,1.000000,-1.0
14608,1.000000,-1.0
14624,1.000000,-1.0
14640,1.000000,-1.0
14656,1.000000,-1.0
14672,1.000000,-1.0
14688,1.000000,-1.0
14704,1.000000,-1.0
14720,1.000000,-1.0
14736,1.000000,-1.0
14752,1.000000,-1.0
14768,1.000000,-1.0
14784,1.000000,-1.0
14800,1.000000,-1.0
14816,1.000000,-1.0
14832,1.000000,-1.0
14848,1.000000,-1.0
14864,1.000000,-1.0
14880,1.000000,-1.0
14896,1.000000,-1.0
14912,1.000000,-1.0
14928,1.000000,-1.0
14944,1.000000,-1.0
14960,1.000000,-1.0
14976,1.000000,-1.0
14992,1.000000,-1.0
15008,1.000000,-1.0
15024,1.000000,-1.0
15040,1.000000,-1.0
15056,1.000000,-1.0
15072,1.000000,-1.0
15088,1.000000,-1.0
15104,1.000000,-1.0
15120,1.000000,-1.0
15136,1.000000,-1.0
15152,1.000000,-1.0
15168,1.000000,-1.0
15184,1.000000,-1.0
15200,1.000000,-1.0
15216,1.000000,-1.0
15232,1.000000,-1.0
15248,1.000000,-1.0
15264,1.000000,-1.0
15280,1.000000,-1.0
15296,1.000000,-1.0
15312,1.000000,-1.0
15328,1.000000,-1.0
15344,1.000000,-1.0
15360,1.000000,-1.0
15376,1.000000,-1.0
15392,1.000000,-1.0
15408,1.000000,-1.0
15424,1.000000,-1.0
15440,1.000000,-1.0
15456,1.000000,-1.0
15472,1.000000,-1.0
15488,1.000000,-1.0
15504,1.000000,-1.0
15520,1.000000,-1.0
15536,1.000000,-1.0
15552,1.000000,-1.0
15568,1.000000,-1.0
15584,1.000000,-1.0
15600,1.000000,-1.0
15616,1.000000,-1.0
15632,1.000000,-1.0
15648,1.000000,-1.0
15664,1.000000,-1.0
15680,1.000000,-1.0
15696,1.000000,-1.0
15712,1.000000,-1.0
15728,1.000000,-1.0
15744,1.000000,-1.0
15760,1.000000,-1.0
15776,1.000000,-1.0
15792,1.000000,-1.0
15808,1.000000,-1.0
15824,1.000000,-1.0
15840,1.000000,-1.0
15856,1.000000,-1.0
15872,1.000000,-1.0
15888,1.000000,-1.0
15904,1.000000,-1.0
15920,1.000000,-1.0
15936,1.000000,-1.0
15952,1.000000,-1.0
15968,1.000000,-1.0
15984,1.000000,-1.0
16000,1.000000,-1.0
16016,1.000000,-1.0
16032,1.000000,-1.0
16048,1.000000,-1.0
16064,1.000000,-1.0
16080,1.000000,-1.0
16096,1.000000,-1.0
16112,1.000000,-1.0
16128,1.000000,-1.0
16144,1.000000,-1.0
16160,1.000000,-1.0
16176,1.000000,-1.0
16192,1.000000,-1.0
16208,1.000000,-1.0
16224,1.000000,-1.0
16240,1.000000,-1.0
16256,1.000000,-1.0
16272,1.000000,-1.0
16288,1.000000,-1.0
16304,1.000000,-1.0
16320,1.000000,-1.0
16336,1.000000,-1.0
16352,1.000000,-1.0
16368,1.000000,-1.0
16384,1.000000,-1.0
16400,1.000000,-1.0
16416,1.000000,-1.0
16432,1.000000,-1.0
16448,1.000000,-1.0
16464,1.000000,-1.0
16480,1.000000,-1.0
16496,1.000000,-1.0
16512,1.000000,-1.0
16528,1.000000,-1.0
16544,1.000000,-1.0
16560,1.000000,-1.0
16576,1.000000,-1.0
16592,1.000000,-1.0
16608,1.000000,-1.0
16624,1.000000,-1.0
16640,1.000000,-1.0
16656,1.000000,-1.0
16672,1.000000,-1.0
16688,1.000000,-1.0
16704,1.000000,-1.0
16720,1.000000,-1.0
16736,1.000000,-1.0
16752,1.000000,-1.0
16768,1.000000,-1.0
16784,1.000000,-1.0
16800,1.000000,-1.0
16816,1.000000,-1.0
16832,1.000000,-1.0
16848,1.000000,-1.0
16864,1.000000,-1.0
16880,1.000000,-1.0
16896,1.000000,-1.0
16912,1.000000,-1.0
16928,1.000000,-1.0
16944,1.000000,-1.0
16960,1.000000,-1.0
16976,1.000000,-1.0
16992,1.000000,-1.0
17008,1.000000,-1.0
17024,1.000000,-1.0
17040,1.000000,-1.0
17056,1.000000,-1.0
17072,1.000000,-1.0
17088,1.000000,-1.0
17104,1.000000,-1.0
17120,1.000000,-1.0
17136,1.000000,-1.0
17152,1.000000,-1.0
17168,1.000000,-1.0
17184,1.000000,-1.0
17200,1.000000,-1.0
17216,1.000000,-1.0
17232,1.000000,-1.0
17248,1.000000,-1.0
17264,1.000000,-1.0
17280,1.000000,-1.0
17296,1.000000,-1.0
17312,1.000000,-1.0
17328,1.000000,-1.0
17344,1.000000,-1.0
17360,1.000000,-1.0
17376,1.000000,-1.0
17392,1.000000,-1.0
17408,1.000000,-1.0
17424,1.000000,-1.0
17440,1.000000,-1.0
17456,1.000000,-1.0
17472,1.000000,-1.0
17488,1.000000,-1.0
17504,1.000000,-1.0
17520,1.000000,-1.0
17536,1.000000,-1.0
17552,1.000000,-1.0
17568,1.000000,-1.0
17584,1.000000,-1.0
17600,1.000000,-1.0
17616,1.000000,-1.0
17632,1.000000,-1.0
17648,1.000000,-1.0
17664,1.000000,-1.0
17680,1.000000,-1.0
17696,1.000000,-1.0
17712,1.000000,-1.0
17728,1.000000,-1.0
17744,1.000000,-1.0
17760,1.000000,-1.0
17776,1.000000,-1.0
17792,1.000000,-1.0
17808,1.000000,-1.0
17824,1.000000,-1.0
17840,1.000000,-1.0
17856,1.000000,-1.0
17872,1.000000,-1.0
17888,1.000000,-1.0
17904,1.000000,-1.0
17920,1.000000,-1.0
17936,1.000000,-1.0
17952,1.000000,-1.0
17968,1.000000,-1.0
17984,1.000000,-1.0
18000,1.000000,-1.0
18016,1.000000,-1.0
18032,1.000000,-1.0
18048,1.000000,-1.0
18064,1.000000,-1.0
18080,1.000000,-1.0
18096,1.000000,-1.0
18112,1.000000,-1.0
18128,1.000000,-1.0
18144,1.000000,-1.0
18160,1.000000,-1.0
18176,1.000000,-1.0
18192,1.000000,-1.0
18208,1.000000,-1.0
18224,1.000000,-1.0
18240,1.000000,-1.0
18256,1.000000,-1.0
18272,1.000000,-1.0
18288,1.000000,-1.0
18304,1.000000,-1.0
18320,1.000000,-1.0
18336,1.000000,-1.0
18352,1.000000,-1.0
18368,1.000000,-1.0
18384,1.000000,-1.0
18400,1.000000,-1.0
18416,1.000000,-1.0
18432,1.000000,-1.0
18448,1.000000,-1.0
18464,1.000000,-1.0
18480,1.000000,-1.0
18496,1.000000,-1.0
18512,1.000000,-1.0
18528,1.000000,-1.0
18544,1.000000,-1.0
18560,1.000000,-1.0
18576,1.000000,-1.0
18592,1.000000,-1.0
18608,1.000000,-1.0
18624,1.000000,-1.0
18640,1.000000,-1.0
18656,1.000000,-1.0
18672,1.000000,-1.0
18688,1.000000,-1.0
18704,1.000000,-1.0
18720,1.000000,-1.0
18736,1.000000,-1.0
18752,1.000000,-1.0
18768,1.000000,-1.0
18784,1.000000,-1.0
18800,1.000000,-1.0
18816,1.000000,-1.0
18832,1.000000,-1.0
18848,1.000000,-1.0
18864,1.000000,-1.0
18880,1.000000,-1.0
18896,1.000000,-1.0
18912,1.000000,-1.0
18928,1.000000,-1.0
18944,1.000000,-1.0
18960,1.000000,-1.0
18976,1.000000,-1.0
18992,1.000000,-1.0
19008,1.000000,-1.0
19024,1.000000,-1.0
19040,1.000000,-1.0
19056,1.000000,-1.0
19072,1.000000,-1.0
19088,1.000000,-1.0
19104,1.000000,-1.0
19120,1.000000,-1.0
19136,1.000000,-1.0
19152,1.000000,-1.0
19168,1.000000,-1.0
19184,1.000000,-1.0
19200,1.000000,-1.0
19216,1.000000,-1.0
19232,1.000000,-1.0
19248,1.000000,-1.0
19264,1.000000,-1.0
19280,1.000000,-1.0
19296,1.000000,-1.0
19312,1.000000,-1.0
19328,1.000000,-1.0
19344,1.000000,-1.0
19360,1.000000,-1.0
19376,1.000000,-1.0
19392,1.000000,-1.0
19408,1.000000,-1.0
19424,1.000000,-1.0
19440,1.000000,-1.0
19456,1.000000,-1.0
19472,1.000000,-1.0
19488,1.000000,-1.0
19504,1.000000,-1.0
19520,1.000000,-1.0
19536,1.000000,-1.0
19552,1.000000,-1.0
19568,1.000000,-1.0
19584,1.000000,-1.0
19600,1.000000,-1.0
19616,1.000000,-1.0
19632,1.000000,-1.0
19648,1.000000,-1.0
19664,1.000000,-1.0
19680,1.000000,-1.0
19696,1.000000,-1.0
19712,1.000000,-1.0
19728,1.000000,-1.0
19744,1.000000,-1.0
19760,1.000000,-1.0
19776,1.000000,-1.0
19792,1.000000,-1.0
19808,1.000000,-1.0
19824,1.000000,-1.0
19840,1.000000,-1.0
19856,1.000000,-1.0
19872,1.000000,-1.0
19888,1.000000,-1.0
19904,1.000000,-1.0
19920,1.000000,-1.0
19936,1.000000,-1.0
19952,1.000000,-1.0
19968,1.000000,-1.0
19984,1.000000,-1.0
20000,1.000000,-1.0
20016,1.000000,-1.0
20032,1.000000,-1.0
20048,1.000000,-1.0
20064,1.000000,-1.0
20080,1.000000,-1.0
20096,1.000000,-1.0
20112,1.000000,-1.0
20128,1.000000,-1.0
20144,1.000000,-1.0
20160,1.000000,-1.0
20176,1.000000,-1.0
20192,1.000000,-1.0
20208,1.000000,-1.0
20224,1.000000,-1.0
20240,1.000000,-1.0
20256,1.000000,-1.0
20272,1.000000,-1.0
20288,1.000000,-1.0
20304,1.000000,-1.0
20320,1.000000,-1.0
20336,1.000000,-1.0
20352,1.000000,-1.0
20368,1.000000,-1.0
20384,1.000000,-1.0
20400,1.000000,-1.0
20416,1.000000,-1.0
20432,1.000000,-1.0
20448,1.000000,-1.0
20464,1.000000,-1.0
20480,1.000000,-1.0
20496,1.000000,-1.0
20512,1.000000,-1.0
20528,1.000000,-1.0
20544,1.000000,-1.0
20560,1.000000,-1.0
20576,1.000000,-1.0
20592,1.000000,-1.0
20608,1.000000,-1.0
20624,1.000000,-1.0
20640,1.000000,-1.0
20656,1.000000,-1.0
20672,1.000000,-1.0
20688,1.000000,-1.0
20704,1.000000,-1.0
20720,1.000000,-1.0
20736,1.000000,-1.0
20752,1.000000,-1.0
20768,1.000000,-1.0
20784,1.000000,-1.0
20800,1.000000,-1.0
20816,1.000000,-1.0
20832,1.000000,-1.0
20848,1.000000,-1.0
20864,1.000000,-1.0
20880,1.000000,-1.0
20896,1.000000,-1.0
20912,1.000000,-1.0
20928,1.000000,-1.0
20944,1.000000,-1.0
20960,1.000000,-1.0
20976,1.000000,-1.0
20992,1.000000,-1.0
21008,1.000000,-1.0
21024,1.000000,-1.0
21040,1.000000,-1.0
21056,1.000000,-1.0
21072,1.000000,-1.0
21088,1.000000,-1.0
21104,1.000000,-1.0
21120,1.000000,-1.0
21136,1.000000,-1.0
21152,1.000000,-1.0
21168,1.000000,-1.0
21184,1.000000,-1.0
21200,1.000000,-1.0
21216,1.000000,-1.0
21232,1.000000,-1.0
21248,1.000000,-1.0
21264,1.000000,-1.0
21280,1.000000,-1.0
21296,1.000000,-1.0
21312,1.000000,-1.0
21328,1.000000,-1.0
21344,1.000000,-1.0
21360,1.000000,-1.0
21376,1.000000,-1.0
21392,1.000000,-1.0
21408,1.000000,-1.0
21424,1.000000,-1.0
21440,1.000000,-1.0
21456,1.000000,-1.0
21472,1.000000,-1.0
21488,1.000000,-1.0
21504,1.000000,-1.0
21520,1.000000,-1.0
21536,1.000000,-1.0
21552,1.000000,-1.0
21568,1.000000,-1.0
21584,1.000000,-1.0
21600,1.000000,-1.0
21616,1.000000,-1.0
21632,1.000000,-1.0
21648,1.000000,-1.0
21664,1.000000,-1.0
21680,1.000000,-1.0
21696,1.000000,-1.0
21712,1.000000,-1.0
21728,1.000000,-1.0
21744,1.000000,-1.0
21760,1.000000,-1.0
21776,1.000000,-1.0
21792,1.000000,-1.0
21808,1.000000,-1.0
21824,1.000000,-1.0
21840,1.000000,-1.0
21856,1.000000,-1.0
21872,1.000000,-1.0
21888,1.000000,-1.0
21904,1.000000,-1.0
21920,1.000000,-1.0
21936,1.000000,-1.0
21952,1.000000,-1.0
21968,1.000000,-1.0
21984,1.000000,-1.0
22000,1.000000,-1.0
22016,1.000000,-1.0
22032,1.000000,-1.0
22048,1.000000,-1.0
22064,1.000000,-1.0
22080,1.000000,-1.0
22096,1.000000,-1.0
22112,1.000000,-1.0
22128,1.000000,-1.0
22144,1.000000,-1.0
22160,1.000000,-1.0
22176,1.000000,-1.0
22192,1.000000,-1.0
22208,1.000000,-1.0
22224,1.000000,-1.0
22240,1.000000,-1.0
22256,1.000000,-1.0
22272,1.000000,-1.0
22288,1.000000,-1.0
22304,1.000000,-1.0
22320,1.000000,-1.0
22336,1.000000,-1.0
22352,1.000000,-1.0
22368,1.000000,-1.0
22384,1.000000,-1.0
22400,1.000000,-1.0
22416,1.000000,-1.0
22432,1.000000,-1.0
22448,1.000000,-1.0
22464,1.000000,-1.0
22480,1.000000,-1.0
22496,1.000000,-1.0
22512,1.000000,-1.0
22528,1.000000,-1.0
22544,1.000000,-1.0
22560,1.000000,-1.0
22576,1.000000,-1.0
22592,1.000000,-1.0
22608,1.000000,-1.0
22624,1.000000,-1.0
22640,1.000000,-1.0
22656,1.000000,-1.0
22672,1.000000,-1.0
22688,1.000000,-1.0
22704,1.000000,-1.0
22720,1.000000,-1.0
22736,1.000000,-1.0
22752,1.000000,-1.0
22768,1.000000,-1.0
22784,1.000000,-1.0
22800,1.000000,-1.0
22816,1.000000,-1.0
22832,1.000000,-1.0
22848,1.000000,-1.0
22864,1.000000,-1.0
22880,1.000000,-1.0
22896,1.000000,-1.0
22912,1.000000,-1.0
22928,1.000000,-1.0
22944,1.000000,-1.0
22960,1.000000,-1.0
22976,1.000000,-1.0
22992,1.000000,-1.0
23008,1.000000,-1.0
23024,1.000000,-1.0
23040,1.000000,-1.0
23056,1.000000,-1.0
23072,1.000000,-1.0
23088,1.000000,-1.0
23104,1.000000,-1.0
23120,1.000000,-1.0
23136,1.000000,-1.0
23152,1.000000,-1.0
23168,1.000000,-1.0
23184,1.000000,-1.0
23200,1.000000,-1.0
23216,1.000000,-1.0
23232,1.000000,-1.0
23248,1.000000,-1.0
23264,1.000000,-1.0
23280,1.000000,-1.0
23296,1.000000,-1.0
23312,1.000000,-1.0
23328,1.000000,-1.0
23344,1.000000,-1.0
23360,1.000000,-1.0
23376,1.000000,-1.0
23392,1.000000,-1.0
23408,1.000000,-1.0
23424,1.000000,-1.0
23440,1.000000,-1.0
23456,1.000000,-1.0
23472,1.000000,-1.0
23488,1.000000,-1.0
23504,1.000000,-1.0
23520,1.000000,-1.0
23536,1.000000,-1.0
23552,1.000000,-1.0
23568,1.000000,-1.0
23584,1.000000,-1.0
23600,1.000000,-1.0
23616,1.000000,-1.0
23632,1.000000,-1.0
23648,1.000000,-1.0
23664,1.000000,-1.0
23680,1.000000,-1.0
23696,1.000000,-1.0
23712,1.000000,-1.0
23728,1.000000,-1.0
23744,1.000000,-1.0
23760,1.000000,-1.0
23776,1.000000,-1.0
23792,1.000000,-1.0
23808,1.000000,-1.0
23824,1.000000,-1.0
23840,1.000000,-1.0
23856,1.000000,-1.0
23872,1.000000,-1.0
23888,1.000000,-1.0
23904,1.000000,-1.0
23920,1.000000,-1.0
23936,1.000000,-1.0
23952,1.000000,-1.0
23968,1.000000,-1.0
23984,1.000000,-1.0
24000,1.000000,-1.0
24016,1.000000,-1.0
24032,1.000000,-1.0
24048,1.000000,-1.0
24064,1.000000,-1.0
24080,1.000000,-1.0
24096,1.000000,-1.0
24112,1.000000,-1.0
24128,1.000000,-1.0
24144,1.000000,-1.0
24160,1.000000,-1.0
24176,1.000000,-1.0
24192,1.000000,-1.0
24208,1.000000,-1.0
24224,1.000000,-1.0
24240,1.000000,-1.0
24256,1.000000,-1.0
24272,1.000000,-1.0
24288,1.000000,-1.0
24304,1.000000,-1.0
24320,1.000000,-1.0
24336,1.000000,-1.0
24352,1.000000,-1.0
24368,1.000000,-1.0
24384,1.000000,-1.0
24400,1.000000,-1.0
24416,1.000000,-1.0
24432,1.000000,-1.0
24448,1.000000,-1.0
24464,1.000000,-1.0
24480,1.000000,-1.0
24496,1.000000,-1.0
24512,1.000000,-1.0
24528,1.000000,-1.0
24544,1.000000,-1.0
24560,1.000000,-1.0
24576,1.000000,-1.0
24592,1.000000,-1.0
24608,1.000000,-1.0
24624,1.000000,-1.0
24640,1.000000,-1.0
24656,1.000000,-1.0
24672,1.000000,-1.0
24688,1.000000,-1.0
24704,1.000000,-1.0
24720,1.000000,-1.0
24736,1.000000,-1.0
24752,1.000000,-1.0
24768,1.000000,-1.0
24784,1.000000,-1.0
24800,1.000000,-1.0
24816,1.000000,-1.0
24832,1.000000,-1.0
24848,1.000000,-1.0
24864,1.000000,-1.0
24880,1.000000,-1.0
24896,1.000000,-1.0
24912,1.000000,-1.0
24928,1.000000,-1.0
24944,1.000000,-1.0
24960,1.000000,-1.0
24976,1.000000,-1.0
24992,1.000000,-1.0
25008,1.000000,-1.0
25024,1.000000,-1.0
25040,1.000000,-1.0
25056,1.000000,-1.0
25072,1.000000,-1.0
25088,1.000000,-1.0
25104,1.000000,-1.0
25120,1.000000,-1.0
25136,1.000000,-1.0
25152,1.000000,-1.0
25168,1.000000,-1.0
25184,1.000000,-1.0
25200,1.000000,-1.0
25216,1.000000,-1.0
25232,1.000000,-1.0
25248,1.000000,-1.0
25264,1.000000,-1.0
25280,1.000000,-1.0
25296,1.000000,-1.0
25312,1.000000,-1.0
25328,1.000000,-1.0
25344,1.000000,-1.0
25360,1.000000,-1.0
25376,1.000000,-1.0
25392,1.000000,-1.0
25408,1.000000,-1.0
25424,1.000000,-1.0
25440,1.000000,-1.0
25456,1.000000,-1.0
25472,1.000000,-1.0
25488,1.000000,-1.0
25504,1.000000,-1.0
25520,1.000000,-1.0
25536,1.000000,-1.0
25552,1.000000,-1.0
25568,1.000000,-1.0
25584,1.000000,-1.0
25600,1.000000,-1.0
25616,1.000000,-1.0
25632,1.000000,-1.0
25648,1.000000,-1.0
25664,1.000000,-1.0
25680,1.000000,-1.0
25696,1.000000,-1.0
25712,1.000000,-1.0
25728,1.000000,-1.0
25744,1.000000,-1.0
25760,1.000000,-1.0
25776,1.000000,-1.0
25792,1.000000,-1.0
25808,1.000000,-1.0
25824,1.000000,-1.0
25840,1.000000,-1.0
25856,1.000000,-1.0
25872,1.000000,-1.0
25888,1.000000,-1.0
25904,1.000000,-1.0
25920,1.000000,-1.0
25936,1.000000,-1.0
25952,1.000000,-1.0
25968,1.000000,-1.0
25984,1.000000,-1.0
26000,1.000000,-1.0
26016,1.000000,-1.0
26032,1.000000,-1.0
26048,1.000000,-1.0
26064,1.000000,-1.0
26080,1.000000,-1.0
26096,1.000000,-1.0
26112,1.000000,-1.0
26128,1.000000,-1.0
26144,1.000000,-1.0
26160,1.000000,-1.0
26176,1.000000,-1.0
26192,1.000000,-1.0
26208,1.000000,-1.0
26224,1.000000,-1.0
26240,1.000000,-1.0
26256,1.000000,-1.0
26272,1.000000,-1.0
26288,1.000000,-1.0
26304,1.000000,-1.0
26320,1.000000,-1.0
26336,1.000000,-1.0
26352,1.000000,-1.0
26368,1.000000,-1.0
26384,1.000000,-1.0
26400,1.000000,-1.0
26416,1.000000,-1.0
26432,1.000000,-1.0
26448,1.000000,-1.0
26464,1.000000,-1.0
26480,1.000000,-1.0
26496,1.000000,-1.0
26512,1.000000,-1.0
26528,1.000000,-1.0
26544,1.000000,-1.0
26560,1.000000,-1.0
26576,1.000000,-1.0
26592,1.000000,-1.0
26608,1.000000,-1.0
26624,1.000000,-1.0
26640,1.000000,-1.0
26656,1.000000,-1.0
26672,1.000000,-1.0
26688,1.000000,-1.0
26704,1.000000,-1.0
26720,1.000000,-1.0
26736,1.000000,-1.0
26752,1.000000,-1.0
26768,1.000000,-1.0
26784,1.000000,-1.0
26800,1.000000,-1.0
26816,1.000000,-1.0
26832,1.000000,-1.0
26848,1.000000,-1.0
26864,1.000000,-1.0
26880,1.000000,-1.0
26896,1.000000,-1.0
26912,1.000000,-1.0
26928,1.000000,-1.0
26944,1.000000,-1.0
26960,1.000000,-1.0
26976,1.000000,-1.0
26992,1.000000,-1.0
27008,1.000000,-1.0
27024,1.000000,-1.0
27040,1.000000,-1.0
27056,1.000000,-1.0
27072,1.000000,-1.0
27088,1.000000,-1.0
27104,1.000000,-1.0
27120,1.000000,-1.0
27136,1.000000,-1.0
27152,1.000000,-1.0
27168,1.000000,-1.0
27184,1.000000,-1.0
27200,1.000000,-1.0
27216,1.000000,-1.0
27232,1.000000,-1.0
27248,1.000000,-1.0
27264,1.000000,-1.0
27280,1.000000,-1.0
27296,1.000000,-1.0
27312,1.000000,-1.0
27328,1.000000,-1.0
27344,1.000000,-1.0
27360,1.000000,-1.0
27376,1.000000,-1.0
27392,1.000000,-1.0
27408,1.000000,-1.0
27424,1.000000,-1.0
27440,1.000000,-1.0
27456,1.000000,-1.0
27472,1.000000,-1.0
27488,1.000000,-1.0
27504,1.000000,-1.0
27520,1.000000,-1.0
27536,1.000000,-1.0
27552,1.000000,-1.0
27568,1.000000,-1.0
27584,1.000000,-1.0
27600,1.000000,-1.0
27616,1.000000,-1.0
27632,1.000000,-1.0
27648,1.000000,-1.0
27664,1.000000,-1.0
27680,1.000000,-1.0
27696,1.000000,-1.0
27712,1.000000,-1.0
27728,1.000000,-1.0
27744,1.000000,-1.0
27760,1.000000,-1.0
27776,1.000000,-1.0
27792,1.000000,-1.0
27808,1.000000,-1.0
27824,1.000000,-1.0
27840,1.000000,-1.0
27856,1.000000,-1.0
27872,1.000000,-1.0
27888,1.000000,-1.0
27904,1.000000,-1.0
27920,1.000000,-1.0
27936,1.000000,-1.0
27952,1.000000,-1.0
27968,1.000000,-1.0
27984,1.000000,-1.0
28000,1.000000,-1.0
28016,1.000000,-1.0
28032,1.000000,-1.0
28048,1.000000,-1.0
28064,1.000000,-1.0
28080,1.000000,-1.0
28096,1.000000,-1.0
28112,1.000000,-1.0
28128,1.000000,-1.0
28144,1.000000,-1.0
28160,1.000000,-1.0
28176,1.000000,-1.0
28192,1.000000,-1.0
28208,1.000000,-1.0
28224,1.000000,-1.0
28240,1.000000,-1.0
28256,1.000000,-1.0
28272,1.000000,-1.0
28288,1.000000,-1.0
28304,1.000000,-1.0
28320,1.000000,-1.0
28336,1.000000,-1.0
28352,1.000000,-1.0
28368,1.000000,-1.0
28384,1.000000,-1.0
28400,1.000000,-1.0
28416,1.000000,-1.0
28432,1.000000,-1.0
28448,1.000000,-1.0
28464,1.000000,-1.0
28480,1.000000,-1.0
28496,1.000000,-1.0
28512,1.000000,-1.0
28528,1.000000,-1.0
28544,1.000000,-1.0
28560,1.000000,-1.0
28576,1.000000,-1.0
28592,1.000000,-1.0
28608,1.000000,-1.0
28624,1.000000,-1.0
28640,1.000000,-1.0
28656,1.000000,-1.0
28672,1.000000,-1.0
28688,1.000000,-1.0
28704,1.000000,-1.0
28720,1.000000,-1.0
28736,1.000000,-1.0
28752,1.000000,-1.0
28768,1.000000,-1.0
28784,1.000000,-1.0
28800,1.000000,-1.0
28816,1.000000,-1.0
28832,1.000000,-1.0
28848,1.000000,-1.0
28864,1.000000,-1.0
28880,1.000000,-1.0
28896,1.000000,-1.0
28912,1.000000,-1.0
28928,1.000000,-1.0
28944,1.000000,-1.0
28960,1.000000,-1.0
28976,1.000000,-1.0
28992,1.000000,-1.0
29008,1.000000,-1.0
29024,1.000000,-1.0
29040,1.000000,-1.0
29056,1.000000,-1.0
29072,1.000000,-1.0
29088,1.000000,-1.0
29104,1.000000,-1.0
29120,1.000000,-1.0
29136,1.000000,-1.0
29152,1.000000,-1.0
29168,1.000000,-1.0
29184,1.000000,-1.0
29200,1.000000,-1.0
29216,1.000000,-1.0
29232,1.000000,-1.0
29248,1.000000,-1.0
29264,1.000000,-1.0
29280,1.000000,-1.0
29296,1.000000,-1.0
29312,1.000000,-1.0
29328,1.000000,-1.0
29344,1.000000,-1.0
29360,1.000000,-1.0
29376,1.000000,-1.0
29392,1.000000,-1.0
29408,1.000000,-1.0
29424,1.000000,-1.0
29440,1.000000,-1.0
29456,1.000000,-1.0
29472,1.000000,-1.0
29488,1.000000,-1.0
29504,1.000000,-1.0
29520,1.000000,-1.0
29536,1.000000,-1.0
29552,1.000000,-1.0
29568,1.000000,-1.0
29584,1.000000,-1.0
29600,1.000000,-1.0
29616,1.000000,-1.0
29632,1.000000,-1.0
29648,1.000000,-1.0
29664,1.000000,-1.0
29680,1.000000,-1.0
29696,1.000000,-1.0
29712,1.000000,-1.0
29728,1.000000,-1.0
29744,1.000000,-1.0
29760,1.000000,-1.0
29776,1.000000,-1.0
29792,1.000000,-1.0
29808,1.000000,-1.0
29824,1.000000,-1.0
29840,1.000000,-1.0
29856,1.000000,-1.0
29872,1.000000,-1.0
29888,1.000000,-1.0
29904,1.000000,-1.0
29920,1.000000,-1.0
29936,1.000000,-1.0
29952,1.000000,-1.0
29968,1.000000,-1.0
29984,1.000000,-1.0
30000,1.000000,-1.0
30016,1.000000,-1.0
30032,1.000000,-1.0
30048,1.000000,-1.0
30064,1.000000,-1.0
30080,1.000000,-1.0
30096,1.000000,-1.0
30112,1.000000,-1.0
30128,1.000000,-1.0
30144,1.000000,-1.0
30160,1.000000,-1.0
30176,1.000000,-1.0
30192,1.000000,-1.0
30208,1.000000,-1.0
30224,1.000000,-1.0
30240,1.000000,-1.0
30256,1.000000,-1.0
30272,1.000000,-1.0
30288,1.000000,-1.0
30304,1.000000,-1.0
30320,1.000000,-1.0
30336,1.000000,-1.0
30352,1.000000,-1.0
30368,1.000000,-1.0
30384,1.000000,-1.0
30400,1.000000,-1.0
30416,1.000000,-1.0
30432,1.000000,-1.0
30448,1.000000,-1.0
30464,1.000000,-1.0
30480,1.000000,-1.0
30496,1.000000,-1.0
30512,1.000000,-1.0
30528,1.000000,-1.0
30544,1.000000,-1.0
30560,1.000000,-1.0
30576,1.000000,-1.0
30592,1.000000,-1.0
30608,1.000000,-1.0
30624,1.000000,-1.0
30640,1.000000,-1.0
30656,1.000000,-1.0
30672,1.000000,-1.0
30688,1.000000,-1.0
30704,1.000000,-1.0
30720,1.000000,-1.0
30736,1.000000,-1.0
30752,1.000000,-1.0
30768,1.000000,-1.0
30784,1.000000,-1.0
30800,1.000000,-1.0
30816,1.000000,-1.0
30832,1.000000,-1.0
30848,1.000000,-1.0
30864,1.000000,-1.0
30880,1.000000,-1.0
30896,1.000000,-1.0
30912,1.000000,-1.0
30928,1.000000,-1.0
30944,1.000000,-1.0
30960,1.000000,-1.0
30976,1.000000,-1.0
30992,1.000000,-1.0
31008,1.000000,-1.0
31024,1.000000,-1.0
31040,1.000000,-1.0
31056,1.000000,-1.0
31072,1.000000,-1.0
31088,1.000000,-1.0
31104,1.000000,-1.0
31120,1.000000,-1.0
31136,1.000000,-1.0
31152,1.000000,-1.0
31168,1.000000,-1.0
31184,1.000000,-1.0
31200,1.000000,-1.0
31216,1.000000,-1.0
31232,1.000000,-1.0
31248,1.000000,-1.0
31264,1.000000,-1.0
31280,1.000000,-1.0
31296,1.000000,-1.0
31312,1.000000,-1.0
31328,1.000000,-1.0
31344,1.000000,-1.0
31360,1.000000,-1.0
31376,1.000000,-1.0
31392,1.000000,-1.0
31408,1.000000,-1.0
31424,1.000000,-1.0
31440,1.000000,-1.0
31456,1.000000,-1.0
31472,1.000000,-1.0
31488,1.000000,-1.0
31504,1.000000,-1.0
31520,1.000000,-1.0
31536,1.000000,-1.0
31552,1.000000,-1.0
31568,1.000000,-1.0
31584,1.000000,-1.0
31600,1.000000,-1.0
31616,1.000000,-1.0
31632,1.000000,-1.0
31648,1.000000,-1.0
31664,1.000000,-1.0
31680,1.000000,-1.0
31696,1.000000,-1.0
31712,1.000000,-1.0
31728,1.000000,-1.0
31744,1.000000,-1.0
31760,1.000000,-1.0
31776,1.000000,-1.0
31792,1.000000,-1.0
31808,1.000000,-1.0
31824,1.000000,-1.0
31840,1.000000,-1.0
31856,1.000000,-1.0
31872,1.000000,-1.0
31888,1.000000,-1.0
31904,1.000000,-1.0
31920,1.000000,-1.0
31936,1.000000,-1.0
31952,1.000000,-1.0
31968,1.000000,-1.0
31984,1.000000,-1.0
32000,1.000000,-1.0
32016,1.000000,-1.0
32032,1.000000,-1.0
32048,1.000000,-1.0
32064,1.000000,-1.0
32080,1.000000,-1.0
32096,1.000000,-1.0
32112,1.000000,-1.0
32128,1.000000,-1.0
32144,1.000000,-1.0
32160,1.000000,-1.0
32176,1.000000,-1.0
32192,1.000000,-1.0
32208,1.000000,-1.0
32224,1.000000,-1.0
32240,1.000000,-1.0
32256,1.000000,-1.0
32272,1.000000,-1.0
32288,1.000000,-1.0
32304,1.000000,-1.0
32320,1.000000,-1.0
32336,1.000000,-1.0
32352,1.000000,-1.0
32368,1.000000,-1.0
32384,1.000000,-1.0
32400,1.000000,-1.0
32416,1.000000,-1.0
32432,1.000000,-1.0
32448,1.000000,-1.0
32464,1.000000,-1.0
32480,1.000000,-1.0
32496,1.000000,-1.0
32512,1.000000,-1.0
32528,1.000000,-1.0
32544,1.000000,-1.0
32560,1.000000,-1.0
32576,1.000000,-1.0
32592,1.000000,-1.0
32608,1.000000,-1.0
32624,1.000000,-1.0
32640,1.000000,-1.0
32656,1.000000,-1.0
32672,1.000000,-1.0
32688,1.000000,-1.0
32704,1.000000,-1.0
32720,1.000000,-1.0
32736,1.000000,-1.0
32752,1.000000,-1.0
32768,1.000000,-1.0
32784,1.000000,-1.0
32800,1.000000,-1.0
32816,1.000000,-1.0
32832,1.000000,-1.0
32848,1.000000,-1.0
32864,1.000000,-1.0
32880,1.000000,-1.0
32896,1.000000,-1.0
32912,1.000000,-1.0
32928,1.000000,-1.0
32944,1.000000,-1.0
32960,1.000000,-1.0
32976,1.000000,-1.0
32992,1.000000,-1.0
33008,1.000000,-1.0
33024,1.000000,-1.0
33040,1.000000,-1.0
33056,1.000000,-1.0
33072,1.000000,-1.0
33088,1.000000,-1.0
33104,1.000000,-1.0
33120,1.000000,-1.0
33136,1.000000,-1.0
33152,1.000000,-1.0
33168,1.000000,-1.0
33184,1.000000,-1.0
33200,1.000000,-1.0
33216,1.000000,-1.0
33232,1.000000,-1.0
33248,1.000000,-1.0
33264,1.000000,-1.0
33280,1.000000,-1.0
33296,1.000000,-1.0
33312,1.000000,-1.0
33328,1.000000,-1.0
33344,1.000000,-1.0
33360,1.000000,-1.0
33376,1.000000,-1.0
33392,1.000000,-1.0
33408,1.000000,-1.0
33424,1.000000,-1.0
33440,1.000000,-1.0
33456,1.000000,-1.0
33472,1.000000,-1.0
33488,1.000000,-1.0
33504,1.000000,-1.0
33520,1.000000,-1.0
33536,1.000000,-1.0
33552,1.000000,-1.0
33568,1.000000,-1.0
33584,1.000000,-1.0
33600,1.000000,-1.0
33616,1.000000,-1.0
33632,1.000000,-1.0
33648,1.000000,-1.0
33664,1.000000,-1.0
33680,1.000000,-1.0
33696,1.000000,-1.0
33712,1.000000,-1.0
33728,1.000000,-1.0
33744,1.000000,-1.0
33760,1.000000,-1.0
33776,1.000000,-1.0
33792,1.000000,-1.0
33808,1.000000,-1.0
33824,1.000000,-1.0
33840,1.000000,-1.0
33856,1.000000,-1.0
33872,1.000000,-1.0
33888,1.000000,-1.0
33904,1.000000,-1.0
33920,1.000000,-1.0
33936,1.000000,-1.0
33952,1.000000,-1.0
33968,1.000000,-1.0
33984,1.000000,-1.0
34000,1.000000,-1.0
34016,1.000000,-1.0
34032,1.000000,-1.0
34048,1.000000,-1.0
34064,1.000000,-1.0
34080,1.000000,-1.0
34096,1.000000,-1.0
34112,1.000000,-1.0
34128,1.000000,-1.0
34144,1.000000,-1.0
34160,1.000000,-1.0
34176,1.000000,-1.0
34192,1.000000,-1.0
34208,1.000000,-1.0
34224,1.000000,-1.0
34240,1.000000,-1.0
34256,1.000000,-1.0
34272,1.000000,-1.0
34288,1.000000,-1.0
34304,1.000000,-1.0
34320,1.000000,-1.0
34336,1.000000,-1.0
34352,1.000000,-1.0
34368,1.000000,-1.0
34384,1.000000,-1.0
34400,1.000000,-1.0
34416,1.000000,-1.0
34432,1.000000,-1.0
34448,1.000000,-1.0
34464,1.000000,-1.0
34480,1.000000,-1.0
34496,1.000000,-1.0
34512,1.000000,-1.0
34528,1.000000,-1.0
34544,1.000000,-1.0
34560,1.000000,-1.0
34576,1.000000,-1.0
34592,1.000000,-1.0
34608,1.000000,-1.0
34624,1.000000,-1.0
34640,1.000000,-1.0
34656,1.000000,-1.0
34672,1.000000,-1.0
34688,1.000000,-1.0
34704,1.000000,-1.0
34720,1.000000,-1.0
34736,1.000000,-1.0
34752,1.000000,-1.0
34768,1.000000,-1.0
34784,1.000000,-1.0
34800,1.000000,-1.0
34816,1.000000,-1.0
34832,1.000000,-1.0
34848,1.000000,-1.0
34864,1.000000,-1.0
34880,1.000000,-1.0
34896,1.000000,-1.0
34912,1.000000,-1.0
34928,1.000000,-1.0
34944,1.000000,-1.0
34960,1.000000,-1.0
34976,1.000000,-1.0
34992,1.000000,-1.0
35008,1.000000,-1.0
35024,1.000000,-1.0
35040,1.000000,-1.0
35056,1.000000,-1.0
35072,1.000000,-1.0
35088,1.000000,-1.0
35104,1.000000,-1.0
35120,1.000000,-1.0
35136,1.000000,-1.0
35152,1.000000,-1.0
35168,1.000000,-1.0
35184,1.000000,-1.0
35200,1.000000,-1.0
35216,1.000000,-1.0
35232,1.000000,-1.0
35248,1.000000,-1.0
35264,1.000000,-1.0
35280,1.000000,-1.0
35296,1.000000,-1.0
35312,1.000000,-1.0
35328,1.000000,-1.0
35344,1.000000,-1.0
35360,1.000000,-1.0
35376,1.000000,-1.0
35392,1.000000,-1.0
35408,1.000000,-1.0
35424,1.000000,-1.0
35440,1.000000,-1.0
35456,1.000000,-1.0
35472,1.000000,-1.0
35488,1.000000,-1.0
35504,1.000000,-1.0
35520,1.000000,-1.0
35536,1.000000,-1.0
35552,1.000000,-1.0
35568,1.000000,-1.0
35584,1.000000,-1.0
35600,1.000000,-1.0
35616,1.000000,-1.0
35632,1.000000,-1.0
35648,1.000000,-1.0
35664,1.000000,-1.0
35680,1.000000,-1.0
35696,1.000000,-1.0
35712,1.000000,-1.0
35728,1.000000,-1.0
35744,1.000000,-1.0
35760,1.000000,-1.0
35776,1.000000,-1.0
35792,1.000000,-1.0
35808,1.000000,-1.0
35824,1.000000,-1.0
35840,1.000000,-1.0
35856,1.000000,-1.0
35872,1.000000,-1.0
35888,1.000000,-1.0
35904,1.000000,-1.0
35920,1.000000,-1.0
35936,1.000000,-1.0
35952,1.000000,-1.0
35968,1.000000,-1.0
35984,1.000000,-1.0
36000,1.000000,-1.0
36016,1.000000,-1.0
36032,1.000000,-1.0
36048,1.000000,-1.0
36064,1.000000,-1.0
36080,1.000000,-1.0
36096,1.000000,-1.0
36112,1.000000,-1.0
36128,1.000000,-1.0
36144,1.000000,-1.0
36160,1.000000,-1.0
36176,1.000000,-1.0
36192,1.000000,-1.0
36208,1.000000,-1.0
36224,1.000000,-1.0
36240,1.000000,-1.0
36256,1.000000,-1.0
36272,1.000000,-1.0
36288,1.000000,-1.0
36304,1.000000,-1.0
36320,1.000000,-1.0
36336,1.000000,-1.0
36352,1.000000,-1.0
36368,1.000000,-1.0
36384,1.000000,-1.0
36400,1.000000,-1.0
36416,1.000000,-1.0
36432,1.000000,-1.0
36448,1.000000,-1.0
36464,1.000000,-1.0
36480,1.000000,-1.0
36496,1.000000,-1.0
36512,1.000000,-1.0
36528,1.000000,-1.0
36544,1.000000,-1.0
36560,1.000000,-1.0
36576,1.000000,-1.0
36592,1.000000,-1.0
36608,1.000000,-1.0
36624,1.000000,-1.0
36640,1.000000,-1.0
36656,1.000000,-1.0
36672,1.000000,-1.0
36688,1.000000,-1.0
36704,1.000000,-1.0
36720,1.000000,-1.0
36736,1.000000,-1.0
36752,1.000000,-1.0
36768,1.000000,-1.0
36784,1.000000,-1.0
36800,1.000000,-1.0
36816,1.000000,-1.0
36832,1.000000,-1.0
36848,1.000000,-1.0
36864,1.000000,-1.0
36880,1.000000,-1.0
36896,1.000000,-1.0
36912,1.000000,-1.0
36928,1.000000,-1.0
36944,1.000000,-1.0
36960,1.000000,-1.0
36976,1.000000,-1.0
36992,1.000000,-1.0
37008,1.000000,-1.0
37024,1.000000,-1.0
37040,1.000000,-1.0
37056,1.000000,-1.0
37072,1.000000,-1.0
37088,1.000000,-1.0
37104,1.000000,-1.0
37120,1.000000,-1.0
37136,1.000000,-1.0
37152,1.000000,-1.0
37168,1.000000,-1.0
37184,1.000000,-1.0
37200,1.000000,-1.0
37216,1.000000,-1.0
37232,1.000000,-1.0
37248,1.000000,-1.0
37264,1.000000,-1.0
37280,1.000000,-1.0
37296,1.000000,-1.0
37312,1.000000,-1.0
37328,1.000000,-1.0
37344,1.000000,-1.0
37360,1.000000,-1.0
37376,1.000000,-1.0
37392,1.000000,-1.0
37408,1.000000,-1.0
37424,1.000000,-1.0
37440,1.000000,-1.0
37456,1.000000,-1.0
37472,1.000000,-1.0
37488,1.000000,-1.0
37504,1.000000,-1.0
37520,1.000000,-1.0
37536,1.000000,-1.0
37552,1.000000,-1.0
37568,1.000000,-1.0
37584,1.000000,-1.0
37600,1.000000,-1.0
37616,1.000000,-1.0
37632,1.000000,-1.0
37648,1.000000,-1.0
37664,1.000000,-1.0
37680,1.000000,-1.0
37696,1.000000,-1.0
37712,1.000000,-1.0
37728,1.000000,-1.0
37744,1.000000,-1.0
37760,1.000000,-1.0
37776,1.000000,-1.0
37792,1.000000,-1.0
37808,1.000000,-1.0
37824,1.000000,-1.0
37840,1.000000,-1.0
37856,1.000000,-1.0
37872,1.000000,-1.0
37888,1.000000,-1.0
37904,1.000000,-1.0
37920,1.000000,-1.0
37936,1.000000,-1.0
37952,1.000000,-1.0
37968,1.000000,-1.0
37984,1.000000,-1.0
38000,1.000000,-1.0
38016,1.000000,-1.0
38032,1.000000,-1.0
38048,1.000000,-1.0
38064,1.000000,-1.0
38080,1.000000,-1.0
38096,1.000000,-1.0
38112,1.000000,-1.0
38128,1.000000,-1.0
38144,1.000000,-1.0
38160,1.000000,-1.0
38176,1.000000,-1.0
38192,1.000000,-1.0
38208,1.000000,-1.0
38224,1.000000,-1.0
38240,1.000000,-1.0
38256,1.000000,-1.0
38272,1.000000,-1.0
38288,1.000000,-1.0
38304,1.000000,-1.0
38320,1.000000,-1.0
38336,1.000000,-1.0
38352,1.000000,-1.0
38368,1.000000,-1.0
38384,1.000000,-1.0
38400,1.000000,-1.0
38416,1.000000,-1.0
38432,1.000000,-1.0
38448,1.000000,-1.0
38464,1.000000,-1.0
38480,1.000000,-1.0
38496,1.000000,-1.0
38512,1.000000,-1.0
38528,1.000000,-1.0
38544,1.000000,-1.0
38560,1.000000,-1.0
38576,1.000000,-1.0
38592,1.000000,-1.0
38608,1.000000,-1.0
38624,1.000000,-1.0
38640,1.000000,-1.0
38656,1.000000,-1.0
38672,1.000000,-1.0
38688,1.000000,-1.0
38704,1.000000,-1.0
38720,1.000000,-1.0
38736,1.000000,-1.0
38752,1.000000,-1.0
38768,1.000000,-1.0
38784,1.000000,-1.0
38800,1.000000,-1.0
38816,1.000000,-1.0
38832,1.000000,-1.0
38848,1.000000,-1.0
38864,1.000000,-1.0
38880,1.000000,-1.0
38896,1.000000,-1.0
38912,1.000000,-1.0
38928,1.000000,-1.0
38944,1.000000,-1.0
38960,1.000000,-1.0
38976,1.000000,-1.0
38992,1.000000,-1.0
39008,1.000000,-1.0
39024,1.000000,-1.0
39040,1.000000,-1.0
39056,1.000000,-1.0
39072,1.000000,-1.0
39088,1.000000,-1.0
39104,1.000000,-1.0
39120,1.000000,-1.0
39136,1.000000,-1.0
39152,1.000000,-1.0
39168,1.000000,-1.0
39184,1.000000,-1.0
39200,1.000000,-1.0
39216,1.000000,-1.0
39232,1.000000,-1.0
39248,1.000000,-1.0
39264,1.000000,-1.0
39280,1.000000,-1.0
39296,1.000000,-1.0
39312,1.000000,-1.0
39328,1.000000,-1.0
39344,1.000000,-1.0
39360,1.000000,-1.0
39376,1.000000,-1.0
39392,1.000000,-1.0
39408,1.000000,-1.0
39424,1.000000,-1.0
39440,1.000000,-1.0
39456,1.000000,-1.0
39472,1.000000,-1.0
39488,1.000000,-1.0
39504,1.000000,-1.0
39520,1.000000,-1.0
39536,1.000000,-1.0
39552,1.000000,-1.0
39568,1.000000,-1.0
39584,1.000000,-1.0
39600,1.000000,-1.0
39616,1.000000,-1.0
39632,1.000000,-1.0
39648,1.000000,-1.0
39664,1.000000,-1.0
39680,1.000000,-1.0
39696,1.000000,-1.0
39712,1.000000,-1.0
39728,1.000000,-1.0
39744,1.000000,-1.0
39760,1.000000,-1.0
39776,1.000000,-1.0
39792,1.000000,-1.0
39808,1.000000,-1.0
39824,1.000000,-1.0
39840,1.000000,-1.0
39856,1.000000,-1.0
39872,1.000000,-1.0
39888,1.000000,-1.0
39904,1.000000,-1.0
39920,1.000000,-1.0
39936,1.000000,-1.0
39952,1.000000,-1.0
39968,1.000000,-1.0
39984,1.000000,-1.0
40000,1.000000,-1.0
40016,1.000000,-1.0
40032,1.000000,-1.0
40048,1.000000,-1.0
40064,1.000000,-1.0
40080,1.000000,-1.0
40096,1.000000,-1.0
40112,1.000000,-1.0
40128,1.000000,-1.0
40144,1.000000,-1.0
40160,1.000000,-1.0
40176,1.000000,-1.0
40192,1.000000,-1.0
40208,1.000000,-1.0
40224,1.000000,-1.0
40240,1.000000,-1.0
40256,1.000000,-1.0
40272,1.000000,-1.0
40288,1.000000,-1.0
40304,1.000000,-1.0
40320,1.000000,-1.0
40336,1.000000,-1.0
40352,1.000000,-1.0
40368,1.000000,-1.0
40384,1.000000,-1.0
40400,1.000000,-1.0
40416,1.000000,-1.0
40432,1.000000,-1.0
40448,1.000000,-1.0
40464,1.000000,-1.0
40480,1.000000,-1.0
40496,1.000000,-1.0
40512,1.000000,-1.0
40528,1.000000,-1.0
40544,1.000000,-1.0
40560,1.000000,-1.0
40576,1.000000,-1.0
40592,1.000000,-1.0
40608,1.000000,-1.0
40624,1.000000,-1.0
40640,1.000000,-1.0
40656,1.000000,-1.0
40672,1.000000,-1.0
40688,1.000000,-1.0
40704,1.000000,-1.0
40720,1.000000,-1.0
40736,1.000000,-1.0
40752,1.000000,-1.0
40768,1.000000,-1.0
40784,1.000000,-1.0
40800,1.000000,-1.0
40816,1.000000,-1.0
40832,1.000000,-1.0
40848,1.000000,-1.0
40864,1.000000,-1.0
40880,1.000000,-1.0
40896,1.000000,-1.0
40912,1.000000,-1.0
40928,1.000000,-1.0
40944,1.000000,-1.0
40960,1.000000,-1.0
40976,1.000000,-1.0
40992,1.000000,-1.0
41008,1.000000,-1.0
41024,1.000000,-1.0
41040,1.000000,-1.0
41056,1.000000,-1.0
41072,1.000000,-1.0
41088,1.000000,-1.0
41104,1.000000,-1.0
41120,1.000000,-1.0
41136,1.000000,-1.0
41152,1.000000,-1.0
41168,1.000000,-1.0
41184,1.000000,-1.0
41200,1.000000,-1.0
41216,1.000000,-1.0
41232,1.000000,-1.0
41248,1.000000,-1.0
41264,1.000000,-1.0
41280,1.000000,-1.0
41296,1.000000,-1.0
41312,1.000000,-1.0
41328,1.000000,-1.0
41344,1.000000,-1.0
41360,1.000000,-1.0
41376,1.000000,-1.0
41392,1.000000,-1.0
41408,1.000000,-1.0
41424,1.000000,-1.0
41440,1.000000,-1.0
41456,1.000000,-1.0
41472,1.000000,-1.0
41488,1.000000,-1.0
41504,1.000000,-1.0
41520,1.000000,-1.0
41536,1.000000,-1.0
41552,1.000000,-1.0
41568,1.000000,-1.0
41584,1.000000,-1.0
41600,1.000000,-1.0
41616,1.000000,-1.0
41632,1.000000,-1.0
41648,1.000000,-1.0
41664,1.000000,-1.0
41680,1.000000,-1.0
41696,1.000000,-1.0
41712,1.000000,-1.0
41728,1.000000,-1.0
41744,1.000000,-1.0
41760,1.000000,-1.0
41776,1.000000,-1.0
41792,1.000000,-1.0
41808,1.000000,-1.0
41824,1.000000,-1.0
41840,1.000000,-1.0
41856,1.000000,-1.0
41872,1.000000,-1.0
41888,1.000000,-1.0
41904,1.000000,-1.0
41920,1.000000,-1.0
41936,1.000000,-1.0
41952,1.000000,-1.0
41968,1.000000,-1.0
41984,1.000000,-1.0
42000,1.000000,-1.0
42016,1.000000,-1.0
42032,1.000000,-1.0
42048,1.000000,-1.0
42064,1.000000,-1.0
42080,1.000000,-1.0
42096,1.000000,-1.0
42112,1.000000,-1.0
42128,1.000000,-1.0
42144,1.000000,-1.0
42160,1.000000,-1.0
42176,1.000000,-1.0
42192,1.000000,-1.0
42208,1.000000,-1.0
42224,1.000000,-1.0
42240,1.000000,-1.0
42256,1.000000,-1.0
42272,1.000000,-1.0
42288,1.000000,-1.0
42304,1.000000,-1.0
42320,1.000000,-1.0
42336,1.000000,-1.0
42352,1.000000,-1.0
42368,1.000000,-1.0
42384,1.000000,-1.0
42400,1.000000,-1.0
42416,1.000000,-1.0
42432,1.000000,-1.0
42448,1.000000,-1.0
42464,1.000000,-1.0
42480,1.000000,-1.0
42496,1.000000,-1.0
42512,1.000000,-1.0
42528,1.000000,-1.0
42544,1.000000,-1.0
42560,1.000000,-1.0
42576,1.000000,-1.0
42592,1.000000,-1.0
42608,1.000000,-1.0
42624,1.000000,-1.0
42640,1.000000,-1.0
42656,1.000000,-1.0
42672,1.000000,-1.0
42688,1.000000,-1.0
42704,1.000000,-1.0
42720,1.000000,-1.0
42736,1.000000,-1.0
42752,1.000000,-1.0
42768,1.000000,-1.0
42784,1.000000,-1.0
42800,1.000000,-1.0
42816,1.000000,-1.0
42832,1.000000,-1.0
42848,1.000000,-1.0
42864,1.000000,-1.0
42880,1.000000,-1.0
42896,1.000000,-1.0
42912,1.000000,-1.0
42928,1.000000,-1.0
42944,1.000000,-1.0
42960,1.000000,-1.0
42976,1.000000,-1.0
42992,1.000000,-1.0
43008,1.000000,-1.0
43024,1.000000,-1.0
43040,1.000000,-1.0
43056,1.000000,-1.0
43072,1.000000,-1.0
43088,1.000000,-1.0
43104,1.000000,-1.0
43120,1.000000,-1.0
43136,1.000000,-1.0
43152,1.000000,-1.0
43168,1.000000,-1.0
43184,1.000000,-1.0
43200,1.000000,-1.0
43216,1.000000,-1.0
43232,1.000000,-1.0
43248,1.000000,-1.0
43264,1.000000,-1.0
43280,1.000000,-1.0
43296,1.000000,-1.0
43312,1.000000,-1.0
43328,1.000000,-1.0
43344,1.000000,-1.0
43360,1.000000,-1.0
43376,1.000000,-1.0
43392,1.000000,-1.0
43408,1.000000,-1.0
43424,1.000000,-1.0
43440,1.000000,-1.0
43456,1.000000,-1.0
43472,1.000000,-1.0
43488,1.000000,-1.0
43504,1.000000,-1.0
43520,1.000000,-1.0
43536,1.000000,-1.0
43552,1.000000,-1.0
43568,1.000000,-1.0
43584,1.000000,-1.0
43600,1.000000,-1.0
43616,1.000000,-1.0
43632,1.000000,-1.0
43648,1.000000,-1.0
43664,1.000000,-1.0
43680,1.000000,-1.0
43696,1.000000,-1.0
43712,1.000000,-1.0
43728,1.000000,-1.0
43744,1.000000,-1.0
43760,1.000000,-1.0
43776,1.000000,-1.0
43792,1.000000,-1.0
43808,1.000000,-1.0
43824,1.000000,-1.0
43840,1.000000,-1.0
43856,1.000000,-1.0
43872,1.000000,-1.0
43888,1.000000,-1.0
43904,1.000000,-1.0
43920,1.000000,-1.0
43936,1.000000,-1.0
43952,1.000000,-1.0
43968,1.000000,-1.0
43984,1.000000,-1.0
44000,1.000000,-1.0
44016,1.000000,-1.0
44032,1.000000,-1.0
44048,1.000000,-1.0
44064,1.000000,-1.0
44080,1.000000,-1.0
44096,1.000000,-1.0
44112,1.000000,-1.0
44128,1.000000,-1.0
44144,1.000000,-1.0
44160,1.000000,-1.0
44176,1.000000,-1.0
44192,1.000000,-1.0
44208,1.000000,-1.0
44224,1.000000,-1.0
44240,1.000000,-1.0
44256,1.000000,-1.0
44272,1.000000,-1.0
44288,1.000000,-1.0
44304,1.000000,-1.0
44320,1.000000,-1.0
44336,1.000000,-1.0
44352,1.000000,-1.0
44368,1.000000,-1.0
44384,1.000000,-1.0
44400,1.000000,-1.0
44416,1.000000,-1.0
44432,1.000000,-1.0
44448,1.000000,-1.0
44464,1.000000,-1.0
44480,1.000000,-1.0
44496,1.000000,-1.0
44512,1.000000,-1.0
44528,1.000000,-1.0
44544,1.000000,-1.0
44560,1.000000,-1.0
44576,1.000000,-1.0
44592,1.000000,-1.0
44608,1.000000,-1.0
44624,1.000000,-1.0
44640,1.000000,-1.0
44656,1.000000,-1.0
44672,1.000000,-1.0
44688,1.000000,-1.0
44704,1.000000,-1.0
44720,1.000000,-1.0
44736,1.000000,-1.0
44752,1.000000,-1.0
44768,1.000000,-1.0
44784,1.000000,-1.0
44800,1.000000,-1.0
44816,1.000000,-1.0
44832,1.000000,-1.0
44848,1.000000,-1.0
44864,1.000000,-1.0
44880,1.000000,-1.0
44896,1.000000,-1.0
44912,1.000000,-1.0
44928,1.000000,-1.0
44944,1.000000,-1.0
44960,1.000000,-1.0
44976,1.000000,-1.0
44992,1.000000,-1.0
45008,1.000000,-1.0
45024,1.000000,-1.0
45040,1.000000,-1.0
45056,1.000000,-1.0
45072,1.000000,-1.0
45088,1.000000,-1.0
45104,1.000000,-1.0
45120,1.000000,-1.0
45136,1.000000,-1.0
45152,1.000000,-1.0
45168,1.000000,-1.0
45184,1.000000,-1.0
45200,1.000000,-1.0
45216,1.000000,-1.0
45232,1.000000,-1.0
45248,1.000000,-1.0
45264,1.000000,-1.0
45280,1.000000,-1.0
45296,1.000000,-1.0
45312,1.000000,-1.0
45328,1.000000,-1.0
45344,1.000000,-1.0
45360,1.000000,-1.0
45376,1.000000,-1.0
45392,1.000000,-1.0
45408,1.000000,-1.0
45424,1.000000,-1.0
45440,1.000000,-1.0
45456,1.000000,-1.0
45472,1.000000,-1.0
45488,1.000000,-1.0
45504,1.000000,-1.0
45520,1.000000,-1.0
45536,1.000000,-1.0
45552,1.000000,-1.0
45568,1.000000,-1.0
45584,1.000000,-1.0
45600,1.000000,-1.0
45616,1.000000,-1.0
45632,1.000000,-1.0
45648,1.000000,-1.0
45664,1.000000,-1.0
45680,1.000000,-1.0
45696,1.000000,-1.0
45712,1.000000,-1.0
45728,1.000000,-1.0
45744,1.000000,-1.0
45760,1.000000,-1.0
45776,1.000000,-1.0
45792,1.000000,-1.0
45808,1.000000,-1.0
45824,1.000000,-1.0
45840,1.000000,-1.0
45856,1.000000,-1.0
45872,1.000000,-1.0
45888,1.000000,-1.0
45904,1.000000,-1.0
45920,1.000000,-1.0
45936,1.000000,-1.0
45952,1.000000,-1.0
45968,1.000000,-1.0
45984,1.000000,-1.0
46000,1.000000,-1.0
46016,1.000000,-1.0
46032,1.000000,-1.0
46048,1.000000,-1.0
46064,1.000000,-1.0
46080,1.000000,-1.0
46096,1.000000,-1.0
46112,1.000000,-1.0
46128,1.000000,-1.0
46144,1.000000,-1.0
46160,1.000000,-1.0
46176,1.000000,-1.0
46192,1.000000,-1.0
46208,1.000000,-1.0
46224,1.000000,-1.0
46240,1.000000,-1.0
46256,1.000000,-1.0
46272,1.000000,-1.0
46288,1.000000,-1.0
46304,1.000000,-1.0
46320,1.000000,-1.0
46336,1.000000,-1.0
46352,1.000000,-1.0
46368,1.000000,-1.0
46384,1.000000,-1.0
46400,1.000000,-1.0
46416,1.000000,-1.0
46432,1.000000,-1.0
46448,1.000000,-1.0
46464,1.000000,-1.0
46480,1.000000,-1.0
46496,1.000000,-1.0
46512,1.000000,-1.0
46528,1.000000,-1.0
46544,1.000000,-1.0
46560,1.000000,-1.0
46576,1.000000,-1.0
46592,1.000000,-1.0
46608,1.000000,-1.0
46624,1.000000,-1.0
46640,1.000000,-1.0
46656,1.000000,-1.0
46672,1.000000,-1.0
46688,1.000000,-1.0
46704,1.000000,-1.0
46720,1.000000,-1.0
46736,1.000000,-1.0
46752,1.000000,-1.0
46768,1.000000,-1.0
46784,1.000000,-1.0
46800,1.000000,-1.0
46816,1.000000,-1.0
46832,1.000000,-1.0
46848,1.000000,-1.0
46864,1.000000,-1.0
46880,1.000000,-1.0
46896,1.000000,-1.0
46912,1.000000,-1.0
46928,1.000000,-1.0
46944,1.000000,-1.0
46960,1.000000,-1.0
46976,1.000000,-1.0
46992,1.000000,-1.0
47008,1.000000,-1.0
47024,1.000000,-1.0
47040,1.000000,-1.0
47056,1.000000,-1.0
47072,1.000000,-1.0
47088,1.000000,-1.0
47104,1.000000,-1.0
47120,1.000000,-1.0
47136,1.000000,-1.0
47152,1.000000,-1.0
47168,1.000000,-1.0
47184,1.000000,-1.0
47200,1.000000,-1.0
47216,1.000000,-1.0
47232,1.000000,-1.0
47248,1.000000,-1.0
47264,1.000000,-1.0
47280,1.000000,-1.0
47296,1.000000,-1.0
47312,1.000000,-1.0
47328,1.000000,-1.0
47344,1.000000,-1.0
47360,1.000000,-1.0
47376,1.000000,-1.0
47392,1.000000,-1.0
47408,1.000000,-1.0
47424,1.000000,-1.0
47440,1.000000,-1.0
47456,1.000000,-1.0
47472,1.000000,-1.0
47488,1.000000,-1.0
47504,1.000000,-1.0
47520,1.000000,-1.0
47536,1.000000,-1.0
47552,1.000000,-1.0
47568,1.000000,-1.0
47584,1.000000,-1.0
47600,1.000000,-1.0
47616,1.000000,-1.0
47632,1.000000,-1.0
47648,1.000000,-1.0
47664,1.000000,-1.0
47680,1.000000,-1.0
47696,1.000000,-1.0
47712,1.000000,-1.0
47728,1.000000,-1.0
47744,1.000000,-1.0
47760,1.000000,-1.0
47776,1.000000,-1.0
47792,1.000000,-1.0
47808,1.000000,-1.0
47824,1.000000,-1.0
47840,1.000000,-1.0
47856,1.000000,-1.0
47872,1.000000,-1.0
47888,1.000000,-1.0
47904,1.000000,-1.0
47920,1.000000,-1.0
47936,1.000000,-1.0
47952,1.000000,-1.0
47968,1.000000,-1.0
47984,1.000000,-1.0
48000,1.000000,-1.0
48016,1.000000,-1.0
48032,1.000000,-1.0
48048,1.000000,-1.0
48064,1.000000,-1.0
48080,1.000000,-1.0
48096,1.000000,-1.0
48112,1.000000,-1.0
48128,1.000000,-1.0
48144,1.000000,-1.0
48160,1.000000,-1.0
48176,1.000000,-1.0
48192,1.000000,-1.0
48208,1.000000,-1.0
48224,1.000000,-1.0
48240,1.000000,-1.0
48256,1.000000,-1.0
48272,1.000000,-1.0
48288,1.000000,-1.0
48304,1.000000,-1.0
48320,1.000000,-1.0
48336,1.000000,-1.0
48352,1.000000,-1.0
48368,1.000000,-1.0
48384,1.000000,-1.0
48400,1.000000,-1.0
48416,1.000000,-1.0
48432,1.000000,-1.0
48448,1.000000,-1.0
48464,1.000000,-1.0
48480,1.000000,-1.0
48496,1.000000,-1.0
48512,1.000000,-1.0
48528,1.000000,-1.0
48544,1.000000,-1.0
48560,1.000000,-1.0
48576,1.000000,-1.0
48592,1.000000,-1.0
48608,1.000000,-1.0
48624,1.000000,-1.0
48640,1.000000,-1.0
48656,1.000000,-1.0
48672,1.000000,-1.0
48688,1.000000,-1.0
48704,1.000000,-1.0
48720,1.000000,-1.0
48736,1.000000,-1.0
48752,1.000000,-1.0
48768,1.000000,-1.0
48784,1.000000,-1.0
48800,1.000000,-1.0
48816,1.000000,-1.0
48832,1.000000,-1.0
48848,1.000000,-1.0
48864,1.000000,-1.0
48880,1.000000,-1.0
48896,1.000000,-1.0
48912,1.000000,-1.0
48928,1.000000,-1.0
48944,1.000000,-1.0
48960,1.000000,-1.0
48976,1.000000,-1.0
48992,1.000000,-1.0
49008,1.000000,-1.0
49024,1.000000,-1.0
49040,1.000000,-1.0
49056,1.000000,-1.0
49072,1.000000,-1.0
49088,1.000000,-1.0
49104,1.000000,-1.0
49120,1.000000,-1.0
49136,1.000000,-1.0
49152,1.000000,-1.0
49168,1.000000,-1.0
49184,1.000000,-1.0
49200,1.000000,-1.0
49216,1.000000,-1.0
49232,1.000000,-1.0
49248,1.000000,-1.0
49264,1.000000,-1.0
49280,1.000000,-1.0
49296,1.000000,-1.0
49312,1.000000,-1.0
49328,1.000000,-1.0
49344,1.000000,-1.0
49360,1.000000,-1.0
49376,1.000000,-1.0
49392,1.000000,-1.0
49408,1.000000,-1.0
49424,1.000000,-1.0
49440,1.000000,-1.0
49456,1.000000,-1.0
49472,1.000000,-1.0
49488,1.000000,-1.0
49504,1.000000,-1.0
49520,1.000000,-1.0
49536,1.000000,-1.0
49552,1.000000,-1.0
49568,1.000000,-1.0
49584,1.000000,-1.0
49600,1.000000,-1.0
49616,1.000000,-1.0
49632,1.000000,-1.0
49648,1.000000,-1.0
49664,1.000000,-1.0
49680,1.000000,-1.0
49696,1.000000,-1.0
49712,1.000000,-1.0
49728,1.000000,-1.0
49744,1.000000,-1.0
49760,1.000000,-1.0
49776,1.000000,-1.0
49792,1.000000,-1.0
49808,1.000000,-1.0
49824,1.000000,-1.0
49840,1.000000,-1.0
49856,1.000000,-1.0
49872,1.000000,-1.0
49888,1.000000,-1.0
49904,1.000000,-1.0
49920,1.000000,-1.0
49936,1.000000,-1.0
49952,1.000000,-1.0
49968,1.000000,-1.0
49984,1.000000,-1.0
50000,1.000000,-1.0
