step,P_esc
4,0.000000
8,0.000000
12,0.000000
16,0.000000
20,0.000000
24,0.000000
28,0.000000
32,0.000000
36,0.000000
40,0.000000
44,0.000000
48,0.000000
52,0.000000
56,0.000000
60,0.000000
64,0.000000
68,0.000000
72,0.000000
76,0.000000
80,0.000000
84,0.000000
88,0.000000
92,0.000000
96,0.000000
100,0.000000
104,0.000000
108,0.000000
112,0.000000
116,0.000000
120,0.000000
124,0.000000
128,0.000000
132,0.000000
136,0.000000
140,0.000000
144,0.000000
148,0.000000
152,0.000000
156,0.000000
160,0.000000
164,0.000000
168,0.000000
172,0.000000
176,0.000000
180,0.000000
184,0.000000
188,0.000000
192,0.000000
196,0.000000
200,0.000000
204,0.000500
208,0.000500
212,0.000500
216,0.000500
220,0.000500
224,0.000500
228,0.000500
232,0.000500
236,0.000500
240,0.000500
244,0.000500
248,0.001000
252,0.001000
256,0.001000
260,0.001000
264,0.001000
268,0.001000
272,0.001500
276,0.001500
280,0.001500
284,0.001500
288,0.002000
292,0.002000
296,0.003000
300,0.003500
304,0.004500
308,0.005500
312,0.006000
316,0.006500
320,0.007000
324,0.007500
328,0.008500
332,0.009500
336,0.010000
340,0.010000
344,0.010500
348,0.011000
352,0.011500
356,0.011500
360,0.012500
364,0.012500
368,0.012500
372,0.013000
376,0.013500
380,0.013500
384,0.013500
388,0.014000
392,0.014000
396,0.014000
400,0.014000
404,0.014500
408,0.014500
412,0.014500
416,0.015000
420,0.015500
424,0.015500
428,0.016000
432,0.016500
436,0.017000
440,0.017000
444,0.017000
448,0.018000
452,0.019000
456,0.019500
460,0.019500
464,0.019500
468,0.019500
472,0.019500
476,0.020000
480,0.020500
484,0.020500
488,0.020500
492,0.020500
496,0.021000
500,0.021000
504,0.021000
508,0.021000
512,0.021000
516,0.021000
520,0.022000
524,0.022000
528,0.022000
532,0.022000
536,0.022000
540,0.022500
544,0.022500
548,0.022500
552,0.022500
556,0.023000
560,0.023000
564,0.023500
568,0.024000
572,0.025000
576,0.025500
580,0.026000
584,0.026000
588,0.026500
592,0.026500
596,0.027500
600,0.027500
604,0.028500
608,0.028500
612,0.029500
616,0.030000
620,0.030500
624,0.031000
628,0.031000
632,0.031000
636,0.031500
640,0.032000
644,0.032000
648,0.032000
652,0.032000
656,0.033000
660,0.033500
664,0.033500
668,0.033500
672,0.034000
676,0.034500
680,0.034500
684,0.035000
688,0.035000
692,0.035000
696,0.035000
700,0.035000
704,0.035000
708,0.035500
712,0.035500
716,0.036000
720,0.036500
724,0.037000
728,0.037000
732,0.037000
736,0.038000
740,0.038500
744,0.038500
748,0.039500
752,0.039500
756,0.040500
760,0.041000
764,0.041000
768,0.041000
772,0.041500
776,0.042500
780,0.042500
784,0.044500
788,0.045000
792,0.045500
796,0.046000
800,0.046500
804,0.046500
808,0.046500
812,0.047000
816,0.047500
820,0.048000
824,0.048000
828,0.048500
832,0.048500
836,0.050000
840,0.051000
844,0.051000
848,0.051500
852,0.051500
856,0.051500
860,0.052000
864,0.052500
868,0.053000
872,0.053500
876,0.054000
880,0.054000
884,0.055000
888,0.056500
892,0.057000
896,0.057000
900,0.057000
904,0.057500
908,0.059000
912,0.059000
916,0.059500
920,0.059500
924,0.060000
928,0.060000
932,0.061000
936,0.061500
940,0.061500
944,0.061500
948,0.062500
952,0.062500
956,0.062500
960,0.063000
964,0.063500
968,0.065000
972,0.066000
976,0.066000
980,0.066000
984,0.066000
988,0.066500
992,0.066500
996,0.068000
1000,0.068500
1004,0.069000
1008,0.069000
1012,0.069000
1016,0.069000
1020,0.069500
1024,0.070000
1028,0.071000
1032,0.072000
1036,0.072500
1040,0.072500
1044,0.072500
1048,0.072500
1052,0.073000
1056,0.073500
1060,0.073500
1064,0.073500
1068,0.073500
1072,0.073500
1076,0.074000
1080,0.074500
1084,0.075500
1088,0.075500
1092,0.076000
1096,0.076000
1100,0.076000
1104,0.076000
1108,0.076000
1112,0.076500
1116,0.077000
1120,0.077500
1124,0.077500
1128,0.078000
1132,0.078500
1136,0.079000
1140,0.079000
1144,0.079000
1148,0.079500
1152,0.080000
1156,0.081500
1160,0.082500
1164,0.083000
1168,0.083500
1172,0.083500
1176,0.084000
1180,0.084000
1184,0.084000
1188,0.084500
1192,0.085000
1196,0.086000
1200,0.086000
1204,0.087000
1208,0.087000
1212,0.087000
1216,0.087000
1220,0.088000
1224,0.089000
1228,0.090000
1232,0.090500
1236,0.091500
1240,0.092000
1244,0.092000
1248,0.093000
1252,0.093000
1256,0.094000
1260,0.094500
1264,0.095000
1268,0.095500
1272,0.095500
1276,0.095500
1280,0.096000
1284,0.096500
1288,0.096500
1292,0.096500
1296,0.096500
1300,0.096500
1304,0.097000
1308,0.097500
1312,0.097500
1316,0.097500
1320,0.098000
1324,0.099000
1328,0.099000
1332,0.099500
1336,0.100000
1340,0.100500
1344,0.100500
1348,0.101000
1352,0.101000
1356,0.101000
1360,0.101500
1364,0.101500
1368,0.102500
1372,0.102500
1376,0.102500
1380,0.103000
1384,0.103000
1388,0.104500
1392,0.104500
1396,0.104500
1400,0.105000
1404,0.105000
1408,0.105000
1412,0.105000
1416,0.105000
1420,0.105000
1424,0.105000
1428,0.105000
1432,0.105000
1436,0.105000
1440,0.106000
1444,0.107000
1448,0.107000
1452,0.107000
1456,0.107000
1460,0.107500
1464,0.108000
1468,0.108500
1472,0.109000
1476,0.109500
1480,0.111000
1484,0.112000
1488,0.112500
1492,0.112500
1496,0.112500
1500,0.113500
1504,0.113500
1508,0.113500
1512,0.113500
1516,0.113500
1520,0.113500
1524,0.114000
1528,0.114000
1532,0.114000
1536,0.115000
1540,0.115500
1544,0.115500
1548,0.116000
1552,0.116500
1556,0.117500
1560,0.117500
1564,0.117500
1568,0.119000
1572,0.119000
1576,0.119500
1580,0.121000
1584,0.121000
1588,0.122000
1592,0.122500
1596,0.122500
1600,0.122500
1604,0.123000
1608,0.124000
1612,0.124000
1616,0.125000
1620,0.125000
1624,0.125500
1628,0.126000
1632,0.126000
1636,0.127000
1640,0.127000
1644,0.127000
1648,0.127500
1652,0.128000
1656,0.128000
1660,0.128500
1664,0.129000
1668,0.129000
1672,0.129000
1676,0.129000
1680,0.129000
1684,0.129500
1688,0.130000
1692,0.130000
1696,0.130000
1700,0.130500
1704,0.131000
1708,0.132500
1712,0.133000
1716,0.133000
1720,0.133000
1724,0.133000
1728,0.133000
1732,0.134000
1736,0.134000
1740,0.134000
1744,0.134000
1748,0.134000
1752,0.134500
1756,0.135500
1760,0.135500
1764,0.136000
1768,0.136500
1772,0.136500
1776,0.137500
1780,0.137500
1784,0.138500
1788,0.138500
1792,0.139000
1796,0.139500
1800,0.140000
1804,0.140500
1808,0.141000
1812,0.141500
1816,0.143000
1820,0.143500
1824,0.143500
1828,0.143500
1832,0.144000
1836,0.144000
1840,0.144000
1844,0.144000
1848,0.144000
1852,0.144500
1856,0.144500
1860,0.144500
1864,0.145000
1868,0.146000
1872,0.146500
1876,0.146500
1880,0.146500
1884,0.146500
1888,0.147000
1892,0.148000
1896,0.148000
1900,0.148000
1904,0.148000
1908,0.148000
1912,0.148000
1916,0.148500
1920,0.149000
1924,0.149000
1928,0.149000
1932,0.150000
1936,0.150500
1940,0.150500
1944,0.151000
1948,0.151500
1952,0.151500
1956,0.151500
1960,0.151500
1964,0.151500
1968,0.152000
1972,0.152500
1976,0.152500
1980,0.152500
1984,0.152500
1988,0.153500
1992,0.153500
1996,0.154000
2000,0.155000
2004,0.155500
2008,0.156000
2012,0.157000
2016,0.157500
2020,0.157500
2024,0.158000
2028,0.158500
2032,0.159000
2036,0.159000
2040,0.159500
2044,0.159500
2048,0.160500
2052,0.160500
2056,0.161000
2060,0.161000
2064,0.161000
2068,0.162000
2072,0.163000
2076,0.163000
2080,0.163000
2084,0.163500
2088,0.163500
2092,0.164000
2096,0.164000
2100,0.164500
2104,0.165000
2108,0.165500
2112,0.165500
2116,0.166000
2120,0.167500
2124,0.168500
2128,0.169000
2132,0.169500
2136,0.169500
2140,0.170000
2144,0.170000
2148,0.170500
2152,0.171000
2156,0.171500
2160,0.172000
2164,0.173000
2168,0.174000
2172,0.175000
2176,0.175000
2180,0.175500
2184,0.177000
2188,0.177500
2192,0.178000
2196,0.178500
2200,0.178500
2204,0.179000
2208,0.179500
2212,0.179500
2216,0.179500
2220,0.179500
2224,0.179500
2228,0.180000
2232,0.180500
2236,0.180500
2240,0.181000
2244,0.181000
2248,0.182000
2252,0.182000
2256,0.182500
2260,0.182500
2264,0.183000
2268,0.183000
2272,0.183500
2276,0.183500
2280,0.183500
2284,0.183500
2288,0.184000
2292,0.184000
2296,0.184500
2300,0.184500
2304,0.186000
2308,0.186500
2312,0.186500
2316,0.187500
2320,0.188000
2324,0.188000
2328,0.188000
2332,0.188000
2336,0.188000
2340,0.188000
2344,0.188500
2348,0.189000
2352,0.189000
2356,0.189000
2360,0.189000
2364,0.189000
2368,0.189000
2372,0.189500
2376,0.189500
2380,0.189500
2384,0.190500
2388,0.191000
2392,0.191000
2396,0.191000
2400,0.191000
2404,0.191500
2408,0.191500
2412,0.191500
2416,0.192000
2420,0.192000
2424,0.192000
2428,0.193500
2432,0.193500
2436,0.194000
2440,0.194000
2444,0.194500
2448,0.195500
2452,0.195500
2456,0.196500
2460,0.197000
2464,0.197000
2468,0.197000
2472,0.197000
2476,0.197000
2480,0.197000
2484,0.198000
2488,0.198000
2492,0.198000
2496,0.199000
2500,0.199000
2504,0.199500
2508,0.200000
2512,0.200000
2516,0.200000
2520,0.200000
2524,0.200000
2528,0.200500
2532,0.200500
2536,0.200500
2540,0.200500
2544,0.201000
2548,0.201500
2552,0.201500
2556,0.201500
2560,0.202000
2564,0.202000
2568,0.202000
2572,0.202500
2576,0.202500
2580,0.202500
2584,0.202500
2588,0.202500
2592,0.202500
2596,0.202500
2600,0.203500
2604,0.205000
2608,0.206000
2612,0.206500
2616,0.206500
2620,0.206500
2624,0.206500
2628,0.206500
2632,0.207000
2636,0.207500
2640,0.207500
2644,0.207500
2648,0.207500
2652,0.208000
2656,0.208000
2660,0.208000
2664,0.208500
2668,0.209000
2672,0.209500
2676,0.209500
2680,0.210000
2684,0.210000
2688,0.210000
2692,0.210000
2696,0.210000
2700,0.210000
2704,0.210000
2708,0.210000
2712,0.210000
2716,0.210000
2720,0.210000
2724,0.210000
2728,0.211500
2732,0.212000
2736,0.212000
2740,0.212000
2744,0.213000
2748,0.213000
2752,0.213000
2756,0.213500
2760,0.213500
2764,0.213500
2768,0.213500
2772,0.214000
2776,0.214000
2780,0.214500
2784,0.214500
2788,0.214500
2792,0.214500
2796,0.214500
2800,0.214500
2804,0.215000
2808,0.215000
2812,0.215000
2816,0.215500
2820,0.215500
2824,0.215500
2828,0.215500
2832,0.216000
2836,0.217500
2840,0.217500
2844,0.217500
2848,0.217500
2852,0.217500
2856,0.218000
2860,0.218000
2864,0.218000
2868,0.218500
2872,0.219000
2876,0.219500
2880,0.219500
2884,0.219500
2888,0.219500
2892,0.219500
2896,0.219500
2900,0.221000
2904,0.221500
2908,0.222000
2912,0.222500
2916,0.222500
2920,0.223000
2924,0.223500
2928,0.224000
2932,0.224000
2936,0.224500
2940,0.225000
2944,0.225500
2948,0.227000
2952,0.227000
2956,0.227500
2960,0.228000
2964,0.228000
2968,0.229000
2972,0.229000
2976,0.229500
2980,0.230000
2984,0.230000
2988,0.230000
2992,0.230500
2996,0.230500
3000,0.231000
3004,0.231000
3008,0.231500
3012,0.232000
3016,0.232000
3020,0.232000
3024,0.232500
3028,0.233000
3032,0.233000
3036,0.233000
3040,0.233000
3044,0.233000
3048,0.233500
3052,0.233500
3056,0.234000
3060,0.234000
3064,0.234000
3068,0.234000
3072,0.235000
3076,0.235000
3080,0.235000
3084,0.235000
3088,0.236000
3092,0.236500
3096,0.237000
3100,0.237500
3104,0.237500
3108,0.237500
3112,0.237500
3116,0.237500
3120,0.237500
3124,0.238000
3128,0.238000
3132,0.238500
3136,0.238500
3140,0.238500
3144,0.238500
3148,0.239000
3152,0.239500
3156,0.239500
3160,0.239500
3164,0.239500
3168,0.240000
3172,0.241000
3176,0.241500
3180,0.242500
3184,0.242500
3188,0.242500
3192,0.242500
3196,0.242500
3200,0.242500
3204,0.242500
3208,0.243000
3212,0.243500
3216,0.243500
3220,0.244000
3224,0.244000
3228,0.244000
3232,0.244000
3236,0.244500
3240,0.244500
3244,0.244500
3248,0.244500
3252,0.244500
3256,0.244500
3260,0.244500
3264,0.245000
3268,0.245000
3272,0.245500
3276,0.246000
3280,0.246000
3284,0.246000
3288,0.246500
3292,0.246500
3296,0.246500
3300,0.246500
3304,0.247500
3308,0.248000
3312,0.249500
3316,0.249500
3320,0.250000
3324,0.250000
3328,0.250500
3332,0.250500
3336,0.251000
3340,0.251000
3344,0.251500
3348,0.252500
3352,0.252500
3356,0.252500
3360,0.253500
3364,0.253500
3368,0.253500
3372,0.253500
3376,0.254000
3380,0.254500
3384,0.255500
3388,0.255500
3392,0.255500
3396,0.256000
3400,0.257000
3404,0.257500
3408,0.257500
3412,0.259000
3416,0.259500
3420,0.259500
3424,0.260000
3428,0.260000
3432,0.260500
3436,0.261000
3440,0.262000
3444,0.262500
3448,0.262500
3452,0.263000
3456,0.263000
3460,0.263000
3464,0.263000
3468,0.263000
3472,0.263000
3476,0.263000
3480,0.263500
3484,0.264000
3488,0.264500
3492,0.264500
3496,0.265000
3500,0.265500
3504,0.265500
3508,0.265500
3512,0.265500
3516,0.265500
3520,0.266000
3524,0.266500
3528,0.266500
3532,0.266500
3536,0.267000
3540,0.267500
3544,0.267500
3548,0.268000
3552,0.268000
3556,0.269000
3560,0.269500
3564,0.269500
3568,0.269500
3572,0.269500
3576,0.270500
3580,0.271000
3584,0.271500
3588,0.272000
3592,0.272000
3596,0.273000
3600,0.274000
3604,0.274500
3608,0.275000
3612,0.275000
3616,0.275500
3620,0.275500
3624,0.276500
3628,0.276500
3632,0.277000
3636,0.277000
3640,0.277500
3644,0.277500
3648,0.278000
3652,0.278000
3656,0.278000
3660,0.278000
3664,0.279000
3668,0.279500
3672,0.279500
3676,0.279500
3680,0.279500
3684,0.280000
3688,0.280000
3692,0.280000
3696,0.280500
3700,0.280500
3704,0.281500
3708,0.281500
3712,0.281500
3716,0.282500
3720,0.282500
3724,0.283000
3728,0.283000
3732,0.283500
3736,0.283500
3740,0.283500
3744,0.284000
3748,0.285000
3752,0.285000
3756,0.285000
3760,0.286000
3764,0.286000
3768,0.286000
3772,0.286000
3776,0.286000
3780,0.286500
3784,0.286500
3788,0.287000
3792,0.287000
3796,0.288000
3800,0.288500
3804,0.288500
3808,0.288500
3812,0.288500
3816,0.288500
3820,0.289000
3824,0.289500
3828,0.289500
3832,0.289500
3836,0.289500
3840,0.290000
3844,0.290500
3848,0.291000
3852,0.291000
3856,0.291500
3860,0.291500
3864,0.292500
3868,0.292500
3872,0.293500
3876,0.293500
3880,0.294000
3884,0.294500
3888,0.294500
3892,0.294500
3896,0.294500
3900,0.295000
3904,0.295500
3908,0.296000
3912,0.296000
3916,0.296000
3920,0.296000
3924,0.296000
3928,0.296000
3932,0.296000
3936,0.296500
3940,0.296500
3944,0.296500
3948,0.296500
3952,0.297000
3956,0.297000
3960,0.297000
3964,0.297500
3968,0.298000
3972,0.298000
3976,0.298500
3980,0.298500
3984,0.298500
3988,0.298500
3992,0.299000
3996,0.299500
4000,0.300000
4004,0.300500
4008,0.301000
4012,0.301500
4016,0.302000
4020,0.302000
4024,0.302500
4028,0.302500
4032,0.302500
4036,0.302500
4040,0.302500
4044,0.302500
4048,0.303000
4052,0.303000
4056,0.303000
4060,0.303000
4064,0.303000
4068,0.303500
4072,0.303500
4076,0.304000
4080,0.304500
4084,0.304500
4088,0.305500
4092,0.306000
4096,0.306000
4100,0.306500
4104,0.306500
4108,0.306500
4112,0.306500
4116,0.307000
4120,0.307500
4124,0.307500
4128,0.308000
4132,0.308000
4136,0.308500
4140,0.308500
4144,0.308500
4148,0.308500
4152,0.308500
4156,0.309000
4160,0.309000
4164,0.309000
4168,0.309000
4172,0.309000
4176,0.309500
4180,0.310000
4184,0.310000
4188,0.310500
4192,0.310500
4196,0.310500
4200,0.310500
4204,0.310500
4208,0.311000
4212,0.311500
4216,0.312000
4220,0.312500
4224,0.314000
4228,0.314000
4232,0.314000
4236,0.314000
4240,0.314000
4244,0.315000
4248,0.315000
4252,0.315000
4256,0.315500
4260,0.315500
4264,0.316500
4268,0.317500
4272,0.317500
4276,0.318000
4280,0.318500
4284,0.318500
4288,0.319000
4292,0.319500
4296,0.319500
4300,0.319500
4304,0.320000
4308,0.320000
4312,0.320000
4316,0.321000
4320,0.321000
4324,0.321000
4328,0.321500
4332,0.322000
4336,0.322500
4340,0.322500
4344,0.324000
4348,0.324000
4352,0.324000
4356,0.324000
4360,0.324500
4364,0.324500
4368,0.325000
4372,0.325000
4376,0.325500
4380,0.326000
4384,0.326000
4388,0.326500
4392,0.328000
4396,0.328000
4400,0.328500
4404,0.328500
4408,0.328500
4412,0.329000
4416,0.329000
4420,0.329000
4424,0.329000
4428,0.329500
4432,0.329500
4436,0.330000
4440,0.330000
4444,0.330000
4448,0.331000
4452,0.332000
4456,0.332000
4460,0.332000
4464,0.332000
4468,0.332000
4472,0.332000
4476,0.332500
4480,0.332500
4484,0.333000
4488,0.333000
4492,0.333000
4496,0.334500
4500,0.335000
4504,0.335000
4508,0.335000
4512,0.335000
4516,0.335000
4520,0.335000
4524,0.335000
4528,0.335500
4532,0.335500
4536,0.335500
4540,0.336000
4544,0.336000
4548,0.336000
4552,0.336500
4556,0.336500
4560,0.337000
4564,0.338000
4568,0.338000
4572,0.338000
4576,0.338000
4580,0.338500
4584,0.338500
4588,0.338500
4592,0.338500
4596,0.338500
4600,0.339500
4604,0.339500
4608,0.339500
4612,0.339500
4616,0.340000
4620,0.340000
4624,0.340000
4628,0.340500
4632,0.341500
4636,0.341500
4640,0.341500
4644,0.342000
4648,0.342500
4652,0.342500
4656,0.342500
4660,0.343000
4664,0.343000
4668,0.343000
4672,0.343000
4676,0.343500
4680,0.344500
4684,0.345500
4688,0.346000
4692,0.346000
4696,0.346500
4700,0.347000
4704,0.347000
4708,0.347000
4712,0.347000
4716,0.347000
4720,0.347500
4724,0.348000
4728,0.348500
4732,0.348500
4736,0.349000
4740,0.349000
4744,0.349500
4748,0.349500
4752,0.349500
4756,0.349500
4760,0.349500
4764,0.350500
4768,0.351000
4772,0.351000
4776,0.351000
4780,0.351500
4784,0.352000
4788,0.353500
4792,0.353500
4796,0.354000
4800,0.354000
4804,0.354500
4808,0.354500
4812,0.354500
4816,0.355000
4820,0.355500
4824,0.356000
4828,0.356000
4832,0.356000
4836,0.356500
4840,0.356500
4844,0.357000
4848,0.357000
4852,0.357000
4856,0.358000
4860,0.358000
4864,0.358000
4868,0.358000
4872,0.358000
4876,0.358500
4880,0.358500
4884,0.358500
4888,0.358500
4892,0.358500
4896,0.358500
4900,0.359000
4904,0.359000
4908,0.359500
4912,0.360000
4916,0.360500
4920,0.360500
4924,0.362000
4928,0.362500
4932,0.363000
4936,0.363000
4940,0.363000
4944,0.363000
4948,0.363000
4952,0.363500
4956,0.363500
4960,0.364000
4964,0.364000
4968,0.364000
4972,0.364000
4976,0.364500
4980,0.365000
4984,0.365500
4988,0.366000
4992,0.367000
4996,0.367000
5000,0.367000
5004,0.367500
5008,0.367500
5012,0.367500
5016,0.367500
5020,0.367500
5024,0.368500
5028,0.368500
5032,0.368500
5036,0.368500
5040,0.368500
5044,0.368500
5048,0.368500
5052,0.369000
5056,0.369500
5060,0.369500
5064,0.369500
5068,0.369500
5072,0.369500
5076,0.369500
5080,0.370500
5084,0.371500
5088,0.371500
5092,0.372000
5096,0.372000
5100,0.372000
5104,0.372500
5108,0.372500
5112,0.372500
5116,0.372500
5120,0.373000
5124,0.373000
5128,0.373000
5132,0.373500
5136,0.373500
5140,0.374500
5144,0.375000
5148,0.375000
5152,0.375000
5156,0.375000
5160,0.375500
5164,0.375500
5168,0.375500
5172,0.375500
5176,0.376000
5180,0.376000
5184,0.376000
5188,0.376000
5192,0.376000
5196,0.376500
5200,0.377000
5204,0.377500
5208,0.377500
5212,0.377500
5216,0.378000
5220,0.378500
5224,0.378500
5228,0.379000
5232,0.380000
5236,0.380000
5240,0.380000
5244,0.381000
5248,0.381000
5252,0.381500
5256,0.382000
5260,0.382000
5264,0.382000
5268,0.382500
5272,0.382500
5276,0.382500
5280,0.383000
5284,0.383500
5288,0.383500
5292,0.383500
5296,0.384000
5300,0.384000
5304,0.384000
5308,0.384500
5312,0.384500
5316,0.384500
5320,0.384500
5324,0.384500
5328,0.385000
5332,0.385000
5336,0.385000
5340,0.385000
5344,0.385000
5348,0.385500
5352,0.385500
5356,0.386000
5360,0.386000
5364,0.386000
5368,0.386500
5372,0.386500
5376,0.386500
5380,0.386500
5384,0.387500
5388,0.387500
5392,0.388000
5396,0.388000
5400,0.388000
5404,0.388000
5408,0.388000
5412,0.388000
5416,0.388000
5420,0.388000
5424,0.388500
5428,0.388500
5432,0.388500
5436,0.388500
5440,0.388500
5444,0.389500
5448,0.390000
5452,0.390000
5456,0.390500
5460,0.391000
5464,0.391000
5468,0.391500
5472,0.391500
5476,0.391500
5480,0.392000
5484,0.392000
5488,0.392000
5492,0.392000
5496,0.392000
5500,0.392000
5504,0.392500
5508,0.392500
5512,0.392500
5516,0.393500
5520,0.393500
5524,0.393500
5528,0.393500
5532,0.393500
5536,0.393500
5540,0.393500
5544,0.393500
5548,0.393500
5552,0.393500
5556,0.393500
5560,0.394000
5564,0.394000
5568,0.394500
5572,0.394500
5576,0.395000
5580,0.395000
5584,0.396000
5588,0.396500
5592,0.396500
5596,0.396500
5600,0.396500
5604,0.396500
5608,0.396500
5612,0.397000
5616,0.397500
5620,0.397500
5624,0.397500
5628,0.397500
5632,0.397500
5636,0.398500
5640,0.399000
5644,0.399000
5648,0.399000
5652,0.399000
5656,0.399000
5660,0.399500
5664,0.400000
5668,0.400500
5672,0.400500
5676,0.401000
5680,0.402500
5684,0.404000
5688,0.404500
5692,0.404500
5696,0.404500
5700,0.405000
5704,0.405000
5708,0.405500
5712,0.405500
5716,0.405500
5720,0.406000
5724,0.406500
5728,0.406500
5732,0.407500
5736,0.407500
5740,0.408500
5744,0.408500
5748,0.408500
5752,0.409000
5756,0.409500
5760,0.410000
5764,0.411000
5768,0.411500
5772,0.411500
5776,0.412000
5780,0.412000
5784,0.412500
5788,0.413000
5792,0.413500
5796,0.413500
5800,0.413500
5804,0.414000
5808,0.414000
5812,0.414000
5816,0.414500
5820,0.414500
5824,0.415000
5828,0.415000
5832,0.415000
5836,0.415000
5840,0.415000
5844,0.415000
5848,0.415000
5852,0.415000
5856,0.415000
5860,0.415500
5864,0.416000
5868,0.416000
5872,0.416000
5876,0.416000
5880,0.416000
5884,0.416000
5888,0.416000
5892,0.416500
5896,0.416500
5900,0.417000
5904,0.417000
5908,0.417000
5912,0.417000
5916,0.417500
5920,0.418000
5924,0.418000
5928,0.418000
5932,0.419000
5936,0.419000
5940,0.419500
5944,0.420000
5948,0.420000
5952,0.420500
5956,0.420500
5960,0.421000
5964,0.421500
5968,0.421500
5972,0.421500
5976,0.422000
5980,0.422000
5984,0.422000
5988,0.422500
5992,0.422500
5996,0.422500
6000,0.422500
6004,0.423000
6008,0.423000
6012,0.423000
6016,0.423000
6020,0.424000
6024,0.424000
6028,0.424000
6032,0.424500
6036,0.424500
6040,0.424500
6044,0.424500
6048,0.425000
6052,0.425000
6056,0.425500
6060,0.425500
6064,0.426500
6068,0.426500
6072,0.426500
6076,0.426500
6080,0.426500
6084,0.426500
6088,0.426500
6092,0.426500
6096,0.426500
6100,0.426500
6104,0.427000
6108,0.427000
6112,0.428000
6116,0.428000
6120,0.428000
6124,0.428000
6128,0.428500
6132,0.428500
6136,0.428500
6140,0.428500
6144,0.429000
6148,0.429000
6152,0.429500
6156,0.429500
6160,0.429500
6164,0.429500
6168,0.430000
6172,0.430000
6176,0.430500
6180,0.431000
6184,0.431000
6188,0.431500
6192,0.431500
6196,0.431500
6200,0.431500
6204,0.431500
6208,0.431500
6212,0.432000
6216,0.432000
6220,0.432000
6224,0.433000
6228,0.433000
6232,0.433500
6236,0.434000
6240,0.434500
6244,0.434500
6248,0.435000
6252,0.435000
6256,0.436000
6260,0.436500
6264,0.436500
6268,0.436500
6272,0.436500
6276,0.436500
6280,0.436500
6284,0.436500
6288,0.437000
6292,0.437000
6296,0.437500
6300,0.437500
6304,0.438500
6308,0.438500
6312,0.438500
6316,0.438500
6320,0.438500
6324,0.439000
6328,0.439000
6332,0.439000
6336,0.439000
6340,0.439500
6344,0.439500
6348,0.439500
6352,0.439500
6356,0.439500
6360,0.440500
6364,0.440500
6368,0.441000
6372,0.441500
6376,0.441500
6380,0.441500
6384,0.442000
6388,0.442000
6392,0.442500
6396,0.442500
6400,0.443000
6404,0.443000
6408,0.443000
6412,0.443500
6416,0.443500
6420,0.443500
6424,0.444000
6428,0.444500
6432,0.445000
6436,0.445000
6440,0.445000
6444,0.445000
6448,0.445500
6452,0.446000
6456,0.446000
6460,0.446500
6464,0.446500
6468,0.447000
6472,0.447500
6476,0.447500
6480,0.448000
6484,0.448500
6488,0.449000
6492,0.449500
6496,0.450000
6500,0.450500
6504,0.450500
6508,0.450500
6512,0.450500
6516,0.451000
6520,0.452000
6524,0.452000
6528,0.452500
6532,0.452500
6536,0.452500
6540,0.452500
6544,0.452500
6548,0.453000
6552,0.453500
6556,0.454000
6560,0.454000
6564,0.454000
6568,0.455000
6572,0.455500
6576,0.455500
6580,0.455500
6584,0.456000
6588,0.456000
6592,0.456000
6596,0.456000
6600,0.456000
6604,0.456000
6608,0.456500
6612,0.456500
6616,0.456500
6620,0.456500
6624,0.456500
6628,0.457000
6632,0.457000
6636,0.457000
6640,0.457500
6644,0.457500
6648,0.458000
6652,0.458000
6656,0.458000
6660,0.458000
6664,0.458000
6668,0.458000
6672,0.458000
6676,0.459000
6680,0.459000
6684,0.459500
6688,0.460000
6692,0.460000
6696,0.460500
6700,0.460500
6704,0.460500
6708,0.461500
6712,0.462500
6716,0.462500
6720,0.462500
6724,0.462500
6728,0.463000
6732,0.463500
6736,0.464000
6740,0.464000
6744,0.464500
6748,0.465000
6752,0.465000
6756,0.465500
6760,0.465500
6764,0.465500
6768,0.465500
6772,0.466000
6776,0.466000
6780,0.466500
6784,0.467000
6788,0.467500
6792,0.467500
6796,0.467500
6800,0.467500
6804,0.468000
6808,0.468000
6812,0.468000
6816,0.468000
6820,0.468500
6824,0.468500
6828,0.468500
6832,0.469000
6836,0.469500
6840,0.470000
6844,0.470500
6848,0.470500
6852,0.470500
6856,0.470500
6860,0.471000
6864,0.471000
6868,0.472000
6872,0.472500
6876,0.472500
6880,0.472500
6884,0.472500
6888,0.472500
6892,0.473000
6896,0.473000
6900,0.473500
6904,0.473500
6908,0.474000
6912,0.474000
6916,0.474000
6920,0.474500
6924,0.474500
6928,0.474500
6932,0.474500
6936,0.474500
6940,0.474500
6944,0.474500
6948,0.474500
6952,0.474500
6956,0.474500
6960,0.475000
6964,0.475000
6968,0.475000
6972,0.475500
6976,0.475500
6980,0.476000
6984,0.476000
6988,0.476000
6992,0.476000
6996,0.476500
7000,0.476500
7004,0.476500
7008,0.476500
7012,0.476500
7016,0.476500
7020,0.477000
7024,0.477500
7028,0.477500
7032,0.477500
7036,0.477500
7040,0.477500
7044,0.477500
7048,0.478000
7052,0.478000
7056,0.478000
7060,0.478000
7064,0.478500
7068,0.479000
7072,0.479500
7076,0.480500
7080,0.481500
7084,0.482000
7088,0.482000
7092,0.482000
7096,0.482500
7100,0.482500
7104,0.483500
7108,0.483500
7112,0.483500
7116,0.484500
7120,0.484500
7124,0.484500
7128,0.485000
7132,0.485000
7136,0.485000
7140,0.485000
7144,0.485000
7148,0.485000
7152,0.485000
7156,0.485000
7160,0.485500
7164,0.485500
7168,0.485500
7172,0.485500
7176,0.486000
7180,0.486500
7184,0.486500
7188,0.486500
7192,0.487000
7196,0.487500
7200,0.487500
7204,0.487500
7208,0.487500
7212,0.487500
7216,0.487500
7220,0.487500
7224,0.488000
7228,0.488000
7232,0.488000
7236,0.488000
7240,0.488500
7244,0.488500
7248,0.488500
7252,0.488500
7256,0.490000
7260,0.490000
7264,0.490000
7268,0.490000
7272,0.490000
7276,0.490000
7280,0.490000
7284,0.490000
7288,0.490000
7292,0.490500
7296,0.491000
7300,0.491500
7304,0.492000
7308,0.492000
7312,0.492500
7316,0.492500
7320,0.493000
7324,0.493000
7328,0.493000
7332,0.493000
7336,0.493000
7340,0.493500
7344,0.493500
7348,0.493500
7352,0.495000
7356,0.495500
7360,0.496000
7364,0.496000
7368,0.496000
7372,0.496000
7376,0.496000
7380,0.496000
7384,0.496000
7388,0.496000
7392,0.496500
7396,0.496500
7400,0.496500
7404,0.496500
7408,0.496500
7412,0.497000
7416,0.497500
7420,0.497500
7424,0.497500
7428,0.498000
7432,0.498500
7436,0.498500
7440,0.498500
7444,0.499000
7448,0.499000
7452,0.499000
7456,0.499000
7460,0.499000
7464,0.499500
7468,0.499500
7472,0.499500
7476,0.499500
7480,0.499500
7484,0.499500
7488,0.499500
7492,0.499500
7496,0.499500
7500,0.499500
7504,0.499500
7508,0.499500
7512,0.499500
7516,0.499500
7520,0.500000
7524,0.500000
7528,0.500000
7532,0.500500
7536,0.501500
7540,0.501500
7544,0.501500
7548,0.502000
7552,0.502000
7556,0.502000
7560,0.502000
7564,0.502000
7568,0.502000
7572,0.502000
7576,0.502000
7580,0.502000
7584,0.503000
7588,0.503000
7592,0.503000
7596,0.503000
7600,0.503000
7604,0.503000
7608,0.503000
7612,0.503000
7616,0.503000
7620,0.503000
7624,0.503000
7628,0.503000
7632,0.503000
7636,0.503000
7640,0.503500
7644,0.504000
7648,0.504500
7652,0.504500
7656,0.505500
7660,0.505500
7664,0.505500
7668,0.505500
7672,0.505500
7676,0.505500
7680,0.505500
7684,0.505500
7688,0.505500
7692,0.505500
7696,0.506500
7700,0.506500
7704,0.506500
7708,0.506500
7712,0.506500
7716,0.506500
7720,0.506500
7724,0.506500
7728,0.506500
7732,0.507000
7736,0.507500
7740,0.507500
7744,0.508000
7748,0.508000
7752,0.508500
7756,0.509000
7760,0.509000
7764,0.509000
7768,0.509000
7772,0.509000
7776,0.509000
7780,0.509000
7784,0.509000
7788,0.509000
7792,0.509500
7796,0.510000
7800,0.510000
7804,0.510500
7808,0.510500
7812,0.510500
7816,0.510500
7820,0.511000
7824,0.511500
7828,0.512000
7832,0.512000
7836,0.512000
7840,0.513000
7844,0.513000
7848,0.513000
7852,0.513000
7856,0.513500
7860,0.514000
7864,0.514000
7868,0.514500
7872,0.514500
7876,0.514500
7880,0.514500
7884,0.515000
7888,0.515000
7892,0.515000
7896,0.515500
7900,0.516000
7904,0.516000
7908,0.516500
7912,0.517500
7916,0.517500
7920,0.517500
7924,0.517500
7928,0.517500
7932,0.517500
7936,0.517500
7940,0.517500
7944,0.517500
7948,0.517500
7952,0.517500
7956,0.517500
7960,0.517500
7964,0.518500
7968,0.518500
7972,0.519000
7976,0.519500
7980,0.519500
7984,0.519500
7988,0.519500
7992,0.519500
7996,0.519500
8000,0.519500
8004,0.519500
8008,0.519500
8012,0.519500
8016,0.520000
8020,0.520000
8024,0.520000
8028,0.520000
8032,0.520000
8036,0.520000
8040,0.520000
8044,0.520000
8048,0.520500
8052,0.520500
8056,0.520500
8060,0.521000
8064,0.521500
8068,0.521500
8072,0.521500
8076,0.521500
8080,0.521500
8084,0.521500
8088,0.522000
8092,0.522000
8096,0.522000
8100,0.522000
8104,0.522500
8108,0.522500
8112,0.522500
8116,0.523000
8120,0.523000
8124,0.523500
8128,0.523500
8132,0.523500
8136,0.524500
8140,0.524500
8144,0.525000
8148,0.525000
8152,0.525000
8156,0.525000
8160,0.525000
8164,0.526500
8168,0.526500
8172,0.526500
8176,0.527000
8180,0.527000
8184,0.527000
8188,0.527000
8192,0.527000
8196,0.527000
8200,0.527000
8204,0.527500
8208,0.527500
8212,0.527500
8216,0.527500
8220,0.528000
8224,0.528000
8228,0.528500
8232,0.529000
8236,0.529500
8240,0.529500
8244,0.529500
8248,0.530000
8252,0.530500
8256,0.530500
8260,0.530500
8264,0.530500
8268,0.530500
8272,0.530500
8276,0.531000
8280,0.531000
8284,0.531000
8288,0.531000
8292,0.531500
8296,0.532000
8300,0.532000
8304,0.532500
8308,0.532500
8312,0.532500
8316,0.532500
8320,0.532500
8324,0.532500
8328,0.532500
8332,0.533000
8336,0.533000
8340,0.533500
8344,0.534000
8348,0.534000
8352,0.534000
8356,0.534000
8360,0.534000
8364,0.534000
8368,0.534000
8372,0.534500
8376,0.535000
8380,0.535500
8384,0.535500
8388,0.536000
8392,0.536000
8396,0.536500
8400,0.537000
8404,0.537500
8408,0.537500
8412,0.538000
8416,0.538500
8420,0.538500
8424,0.538500
8428,0.539000
8432,0.539000
8436,0.539500
8440,0.539500
8444,0.539500
8448,0.540000
8452,0.540000
8456,0.540000
8460,0.540000
8464,0.540000
8468,0.540000
8472,0.540000
8476,0.540000
8480,0.540500
8484,0.541000
8488,0.541000
8492,0.541000
8496,0.541000
8500,0.541000
8504,0.541000
8508,0.541000
8512,0.541000
8516,0.541000
8520,0.541500
8524,0.542500
8528,0.542500
8532,0.542500
8536,0.542500
8540,0.543000
8544,0.543000
8548,0.543500
8552,0.543500
8556,0.543500
8560,0.543500
8564,0.543500
8568,0.543500
8572,0.544000
8576,0.544000
8580,0.544500
8584,0.544500
8588,0.544500
8592,0.546000
8596,0.546000
8600,0.546000
8604,0.546000
8608,0.546000
8612,0.546000
8616,0.546000
8620,0.546000
8624,0.546000
8628,0.546000
8632,0.546500
8636,0.546500
8640,0.547500
8644,0.547500
8648,0.547500
8652,0.548000
8656,0.548000
8660,0.548000
8664,0.548000
8668,0.548000
8672,0.548000
8676,0.548000
8680,0.548000
8684,0.548000
8688,0.548000
8692,0.549000
8696,0.549000
8700,0.549000
8704,0.549000
8708,0.549500
8712,0.549500
8716,0.549500
8720,0.549500
8724,0.549500
8728,0.549500
8732,0.549500
8736,0.550000
8740,0.550500
8744,0.551000
8748,0.551000
8752,0.551000
8756,0.551000
8760,0.551000
8764,0.551500
8768,0.552500
8772,0.553500
8776,0.554000
8780,0.554500
8784,0.555000
8788,0.555000
8792,0.555000
8796,0.555500
8800,0.555500
8804,0.555500
8808,0.555500
8812,0.556000
8816,0.556000
8820,0.556000
8824,0.556000
8828,0.556000
8832,0.556000
8836,0.556000
8840,0.556000
8844,0.556500
8848,0.557000
8852,0.557000
8856,0.557000
8860,0.557000
8864,0.557000
8868,0.557500
8872,0.558000
8876,0.558000
8880,0.558000
8884,0.558500
8888,0.558500
8892,0.558500
8896,0.559000
8900,0.559000
8904,0.559500
8908,0.560000
8912,0.560000
8916,0.560000
8920,0.560000
8924,0.560000
8928,0.560000
8932,0.561000
8936,0.561000
8940,0.561000
8944,0.561000
8948,0.561000
8952,0.561500
8956,0.561500
8960,0.561500
8964,0.561500
8968,0.561500
8972,0.561500
8976,0.561500
8980,0.561500
8984,0.561500
8988,0.561500
8992,0.561500
8996,0.561500
9000,0.561500
9004,0.561500
9008,0.561500
9012,0.561500
9016,0.562000
9020,0.562000
9024,0.562000
9028,0.562000
9032,0.562000
9036,0.562500
9040,0.563500
9044,0.563500
9048,0.563500
9052,0.564500
9056,0.564500
9060,0.564500
9064,0.565000
9068,0.565500
9072,0.565500
9076,0.565500
9080,0.566500
9084,0.566500
9088,0.567000
9092,0.567000
9096,0.568000
9100,0.568500
9104,0.569000
9108,0.569000
9112,0.569000
9116,0.569500
9120,0.570000
9124,0.570000
9128,0.570000
9132,0.570000
9136,0.570000
9140,0.570000
9144,0.570000
9148,0.570500
9152,0.570500
9156,0.571500
9160,0.572500
9164,0.573000
9168,0.573000
9172,0.573000
9176,0.573000
9180,0.573000
9184,0.573500
9188,0.574000
9192,0.574000
9196,0.574000
9200,0.574000
9204,0.575000
9208,0.575000
9212,0.575500
9216,0.575500
9220,0.575500
9224,0.575500
9228,0.576000
9232,0.576500
9236,0.576500
9240,0.576500
9244,0.577000
9248,0.577000
9252,0.577000
9256,0.577000
9260,0.577000
9264,0.577000
9268,0.577000
9272,0.577000
9276,0.578000
9280,0.578000
9284,0.578000
9288,0.578000
9292,0.578000
9296,0.578500
9300,0.578500
9304,0.578500
9308,0.579000
9312,0.579000
9316,0.579000
9320,0.579000
9324,0.579000
9328,0.579500
9332,0.579500
9336,0.580000
9340,0.580500
9344,0.580500
9348,0.580500
9352,0.580500
9356,0.580500
9360,0.580500
9364,0.580500
9368,0.580500
9372,0.580500
9376,0.580500
9380,0.580500
9384,0.580500
9388,0.580500
9392,0.580500
9396,0.580500
9400,0.581000
9404,0.581000
9408,0.581000
9412,0.581500
9416,0.581500
9420,0.581500
9424,0.581500
9428,0.581500
9432,0.581500
9436,0.581500
9440,0.581500
9444,0.581500
9448,0.581500
9452,0.581500
9456,0.581500
9460,0.581500
9464,0.581500
9468,0.582000
9472,0.582000
9476,0.584000
9480,0.584000
9484,0.584500
9488,0.584500
9492,0.584500
9496,0.584500
9500,0.584500
9504,0.584500
9508,0.585500
9512,0.585500
9516,0.586000
9520,0.586500
9524,0.586500
9528,0.586500
9532,0.586500
9536,0.587500
9540,0.587500
9544,0.588000
9548,0.588000
9552,0.588000
9556,0.588000
9560,0.588000
9564,0.588000
9568,0.588000
9572,0.588000
9576,0.588000
9580,0.588000
9584,0.589000
9588,0.589500
9592,0.589500
9596,0.589500
9600,0.589500
9604,0.590000
9608,0.590000
9612,0.590500
9616,0.590500
9620,0.590500
9624,0.591000
9628,0.591000
9632,0.591000
9636,0.591000
9640,0.591000
9644,0.591500
9648,0.592000
9652,0.592000
9656,0.592000
9660,0.592000
9664,0.592500
9668,0.592500
9672,0.592500
9676,0.593000
9680,0.593500
9684,0.594000
9688,0.594000
9692,0.594000
9696,0.594000
9700,0.594000
9704,0.594500
9708,0.594500
9712,0.594500
9716,0.594500
9720,0.594500
9724,0.594500
9728,0.594500
9732,0.594500
9736,0.595000
9740,0.595500
9744,0.595500
9748,0.595500
9752,0.595500
9756,0.596500
9760,0.596500
9764,0.596500
9768,0.597000
9772,0.597000
9776,0.597000
9780,0.597000
9784,0.597500
9788,0.598000
9792,0.598000
9796,0.598500
9800,0.598500
9804,0.598500
9808,0.598500
9812,0.599000
9816,0.599000
9820,0.599000
9824,0.599000
9828,0.599000
9832,0.599000
9836,0.599500
9840,0.599500
9844,0.599500
9848,0.599500
9852,0.599500
9856,0.599500
9860,0.600000
9864,0.600000
9868,0.600000
9872,0.600000
9876,0.601000
9880,0.601000
9884,0.601000
9888,0.601500
9892,0.602000
9896,0.602000
9900,0.602000
9904,0.602500
9908,0.602500
9912,0.602500
9916,0.602500
9920,0.602500
9924,0.603000
9928,0.603000
9932,0.603000
9936,0.603000
9940,0.603000
9944,0.603000
9948,0.603000
9952,0.603000
9956,0.603500
9960,0.603500
9964,0.603500
9968,0.604000
9972,0.604500
9976,0.604500
9980,0.605000
9984,0.605000
9988,0.605000
9992,0.605500
9996,0.605500
10000,0.606000
